#
# TABLE STRUCTURE FOR: media
#

DROP TABLE IF EXISTS `media`;

CREATE TABLE `media` (
  `id` bigint(20) unsigned NOT NULL AUTO_INCREMENT,
  `media_type_id` bigint(20) unsigned DEFAULT NULL,
  `user_id` bigint(20) unsigned NOT NULL,
  `body` text COLLATE utf8mb4_unicode_ci DEFAULT NULL,
  `filename` varchar(255) COLLATE utf8mb4_unicode_ci DEFAULT NULL,
  `size` int(11) DEFAULT NULL,
  `metadata` longtext CHARACTER SET utf8mb4 COLLATE utf8mb4_bin DEFAULT NULL CHECK (json_valid(`metadata`)),
  `created_at` datetime DEFAULT current_timestamp(),
  `updated_at` datetime DEFAULT current_timestamp() ON UPDATE current_timestamp(),
  PRIMARY KEY (`id`),
  KEY `user_id` (`user_id`),
  KEY `media_type_id` (`media_type_id`),
  CONSTRAINT `media_ibfk_1` FOREIGN KEY (`user_id`) REFERENCES `users` (`id`) ON DELETE CASCADE ON UPDATE CASCADE,
  CONSTRAINT `media_ibfk_2` FOREIGN KEY (`media_type_id`) REFERENCES `media_types` (`id`) ON DELETE SET NULL ON UPDATE CASCADE
) ENGINE=InnoDB AUTO_INCREMENT=101 DEFAULT CHARSET=utf8mb4 COLLATE=utf8mb4_unicode_ci;

INSERT INTO `media` (`id`, `media_type_id`, `user_id`, `body`, `filename`, `size`, `metadata`, `created_at`, `updated_at`) VALUES ('1', '1', '1', 'Beatae sequi reprehenderit fuga veniam id. Non perspiciatis qui hic qui. Blanditiis quisquam nihil et aut cum cupiditate. Enim reiciendis cum voluptatem incidunt repellendus. Suscipit id facere assumenda.', 'dolorum', 692629, NULL, '1980-07-12 04:41:28', '2022-01-16 23:20:56');
INSERT INTO `media` (`id`, `media_type_id`, `user_id`, `body`, `filename`, `size`, `metadata`, `created_at`, `updated_at`) VALUES ('2', '2', '2', 'Ipsam natus praesentium ipsa quidem aut reiciendis. Qui sint qui iste consequatur repellendus nulla recusandae. Exercitationem sint quia vitae neque quas quia. Qui neque et et sint et consequuntur velit.', 'et', 840114, NULL, '2003-04-28 02:06:55', '1988-07-04 22:56:49');
INSERT INTO `media` (`id`, `media_type_id`, `user_id`, `body`, `filename`, `size`, `metadata`, `created_at`, `updated_at`) VALUES ('3', '3', '3', 'Facilis dolor ut ullam aut omnis. Quae sint animi vero animi. Voluptas atque nobis occaecati mollitia itaque vel. Sequi ratione inventore consequatur sit a optio.', 'ea', 0, NULL, '1995-04-09 18:46:09', '1978-11-30 22:35:24');
INSERT INTO `media` (`id`, `media_type_id`, `user_id`, `body`, `filename`, `size`, `metadata`, `created_at`, `updated_at`) VALUES ('4', '4', '4', 'Voluptatem illum dolor provident quia quas sit. Veniam omnis accusamus ea accusantium nulla autem necessitatibus. Atque aut nihil sunt et quis sed beatae tempore.', 'accusantium', 78713, NULL, '2009-06-11 19:05:29', '2012-02-13 19:12:01');
INSERT INTO `media` (`id`, `media_type_id`, `user_id`, `body`, `filename`, `size`, `metadata`, `created_at`, `updated_at`) VALUES ('5', '1', '5', 'Et sint aperiam qui doloremque consectetur atque. Esse suscipit enim minus provident odit. Voluptatum animi repellat dolorem et. Et dolores accusamus porro facere qui qui. Quos aliquid tenetur quia sequi quam.', 'quisquam', 71034232, NULL, '2018-12-18 22:28:43', '2022-12-21 04:29:07');
INSERT INTO `media` (`id`, `media_type_id`, `user_id`, `body`, `filename`, `size`, `metadata`, `created_at`, `updated_at`) VALUES ('6', '2', '6', 'Nobis illum natus laudantium. Ullam reprehenderit aperiam sed ab similique. Vitae cupiditate eum et doloremque excepturi.', 'a', 13, NULL, '1993-01-31 08:15:09', '2012-05-12 10:08:01');
INSERT INTO `media` (`id`, `media_type_id`, `user_id`, `body`, `filename`, `size`, `metadata`, `created_at`, `updated_at`) VALUES ('7', '3', '7', 'Nam blanditiis voluptatem voluptas numquam vel quos laboriosam. Reiciendis corrupti qui voluptas sunt neque. In quo eum dolorem ut consectetur dolorem quo ducimus. A omnis velit quia tempora quasi esse quam.', 'vero', 7939023, NULL, '2006-08-06 12:59:30', '1984-03-09 22:02:01');
INSERT INTO `media` (`id`, `media_type_id`, `user_id`, `body`, `filename`, `size`, `metadata`, `created_at`, `updated_at`) VALUES ('8', '4', '8', 'Perspiciatis eum recusandae quaerat natus labore. Omnis dolore atque ea eveniet eos voluptatem earum illo. A id ut veniam temporibus non sit tempora.', 'quia', 73, NULL, '2012-10-24 00:43:39', '1987-07-16 16:22:47');
INSERT INTO `media` (`id`, `media_type_id`, `user_id`, `body`, `filename`, `size`, `metadata`, `created_at`, `updated_at`) VALUES ('9', '1', '9', 'Sequi eius nulla odit dolorum maxime. Perspiciatis cumque sed non dolorem. Similique quidem autem ut. Sapiente earum eaque eius et.', 'non', 95546, NULL, '1990-01-23 03:13:07', '2003-05-24 23:26:04');
INSERT INTO `media` (`id`, `media_type_id`, `user_id`, `body`, `filename`, `size`, `metadata`, `created_at`, `updated_at`) VALUES ('10', '2', '10', 'Enim vitae dolor dolorem praesentium. Soluta magni molestias sed sequi molestiae. Provident quia hic unde sint esse. Nisi numquam odio pariatur aliquam et in enim. Et et eos quia labore aut.', 'voluptas', 9271, NULL, '1973-04-10 07:22:33', '1989-03-15 10:41:20');
INSERT INTO `media` (`id`, `media_type_id`, `user_id`, `body`, `filename`, `size`, `metadata`, `created_at`, `updated_at`) VALUES ('11', '3', '11', 'Modi nobis odio rerum et sunt. Corporis vitae et impedit dolore minus. Soluta et omnis voluptatem veniam optio eum.', 'expedita', 9305, NULL, '1994-09-23 05:59:21', '2006-07-10 05:52:37');
INSERT INTO `media` (`id`, `media_type_id`, `user_id`, `body`, `filename`, `size`, `metadata`, `created_at`, `updated_at`) VALUES ('12', '4', '12', 'Eveniet culpa omnis dolor ut dolore. Quidem neque quia molestiae culpa ipsam. Nihil fuga pariatur quisquam sed ab at. Amet eaque sed harum assumenda ut.', 'animi', 3, NULL, '1971-07-26 11:04:20', '2016-01-26 04:21:02');
INSERT INTO `media` (`id`, `media_type_id`, `user_id`, `body`, `filename`, `size`, `metadata`, `created_at`, `updated_at`) VALUES ('13', '1', '13', 'Tenetur quia nostrum consequatur ducimus eos. Est reprehenderit reprehenderit ut laborum quia. Dicta amet et maiores quo.', 'molestiae', 0, NULL, '2002-09-17 14:14:30', '1976-10-22 08:44:24');
INSERT INTO `media` (`id`, `media_type_id`, `user_id`, `body`, `filename`, `size`, `metadata`, `created_at`, `updated_at`) VALUES ('14', '2', '14', 'Corrupti et temporibus autem et. Et quis magnam et deleniti nihil sed quis harum. Officia repudiandae et quis qui.', 'tempora', 623, NULL, '1994-11-09 03:04:18', '2004-11-29 16:29:39');
INSERT INTO `media` (`id`, `media_type_id`, `user_id`, `body`, `filename`, `size`, `metadata`, `created_at`, `updated_at`) VALUES ('15', '3', '15', 'Voluptate quas qui et aut eaque. Commodi repellat libero minus eos et voluptatem. Soluta neque dolore a dolorum laboriosam animi expedita.', 'sit', 9, NULL, '1993-09-11 11:29:56', '1991-09-27 07:21:02');
INSERT INTO `media` (`id`, `media_type_id`, `user_id`, `body`, `filename`, `size`, `metadata`, `created_at`, `updated_at`) VALUES ('16', '4', '16', 'Repellendus minus eum voluptas omnis voluptas quos velit nihil. Non sit error distinctio aut perferendis. Assumenda eveniet cumque magni. Est ut perspiciatis fuga assumenda omnis.', 'quam', 7852136, NULL, '1997-09-05 01:23:06', '1985-09-20 11:54:44');
INSERT INTO `media` (`id`, `media_type_id`, `user_id`, `body`, `filename`, `size`, `metadata`, `created_at`, `updated_at`) VALUES ('17', '1', '17', 'Incidunt provident labore quas ut. Voluptas earum libero corrupti eum sint ullam dolorem. Sit quia velit nobis quia sapiente. Laudantium natus eaque temporibus qui voluptas architecto iusto.', 'possimus', 9, NULL, '1973-11-08 23:06:01', '1992-03-18 19:40:07');
INSERT INTO `media` (`id`, `media_type_id`, `user_id`, `body`, `filename`, `size`, `metadata`, `created_at`, `updated_at`) VALUES ('18', '2', '18', 'Et veritatis dolor consequatur voluptatem consequatur voluptate quia aut. Numquam expedita mollitia eos occaecati nihil nobis consequatur. Blanditiis at ipsa reprehenderit nihil quia consequatur. Earum sint totam non modi.', 'iste', 143332869, NULL, '2021-03-27 18:18:55', '2014-02-25 16:03:06');
INSERT INTO `media` (`id`, `media_type_id`, `user_id`, `body`, `filename`, `size`, `metadata`, `created_at`, `updated_at`) VALUES ('19', '3', '19', 'Neque voluptatibus non illum quas modi cum est quaerat. Illo quia voluptatem sit voluptatum error sequi. Voluptatem aperiam quos repudiandae a officiis qui aliquam enim. Excepturi molestiae molestias iusto iusto vitae voluptas itaque.', 'sint', 384283165, NULL, '2011-12-07 14:14:45', '2007-02-18 19:51:27');
INSERT INTO `media` (`id`, `media_type_id`, `user_id`, `body`, `filename`, `size`, `metadata`, `created_at`, `updated_at`) VALUES ('20', '4', '20', 'Eum aut vitae corrupti velit in iusto. Mollitia ut dolores et doloremque. Beatae voluptas sequi voluptatem voluptas commodi adipisci. A animi reiciendis quaerat asperiores iste nesciunt. Et ipsam nemo voluptatibus magni vitae nulla cupiditate.', 'unde', 33, NULL, '2001-12-10 06:20:36', '2018-10-01 21:12:41');
INSERT INTO `media` (`id`, `media_type_id`, `user_id`, `body`, `filename`, `size`, `metadata`, `created_at`, `updated_at`) VALUES ('21', '1', '21', 'Dolorum aliquid sequi qui illo. Quia dicta rem doloremque ut odio consequatur recusandae molestiae. Voluptas natus aut ut veniam et. Iusto in quia voluptatum.', 'nisi', 56166352, NULL, '2010-03-12 17:34:43', '2001-11-22 06:48:18');
INSERT INTO `media` (`id`, `media_type_id`, `user_id`, `body`, `filename`, `size`, `metadata`, `created_at`, `updated_at`) VALUES ('22', '2', '22', 'Nostrum maxime labore eius quis repellat facere. Eius repellat cum voluptates unde repellat suscipit consectetur dolorum. Animi non dolorem molestiae ea nihil maxime rerum.', 'laboriosam', 0, NULL, '1999-08-01 13:20:49', '1988-01-18 11:14:17');
INSERT INTO `media` (`id`, `media_type_id`, `user_id`, `body`, `filename`, `size`, `metadata`, `created_at`, `updated_at`) VALUES ('23', '3', '23', 'Et fugit molestiae autem hic eligendi voluptatem voluptatem. Velit quidem suscipit autem dolores eligendi similique. Optio incidunt non omnis et voluptatem beatae.', 'quia', 752, NULL, '1989-11-08 12:39:27', '1988-12-06 06:04:44');
INSERT INTO `media` (`id`, `media_type_id`, `user_id`, `body`, `filename`, `size`, `metadata`, `created_at`, `updated_at`) VALUES ('24', '4', '24', 'Iusto voluptas vero ut repellendus ea facere. Placeat occaecati quidem dicta ullam. Harum vitae sed qui aut minus et. Sunt eum est accusamus neque qui nesciunt perferendis temporibus.', 'saepe', 0, NULL, '1985-06-24 23:50:50', '2018-08-22 02:38:56');
INSERT INTO `media` (`id`, `media_type_id`, `user_id`, `body`, `filename`, `size`, `metadata`, `created_at`, `updated_at`) VALUES ('25', '1', '25', 'Neque sed quaerat hic sequi veniam expedita tempore. Amet iusto itaque odit quia. Ad non officia rerum aut quia autem quidem. Explicabo exercitationem quia ut omnis nulla quod.', 'est', 48073, NULL, '1978-06-04 18:49:45', '2021-03-13 00:31:21');
INSERT INTO `media` (`id`, `media_type_id`, `user_id`, `body`, `filename`, `size`, `metadata`, `created_at`, `updated_at`) VALUES ('26', '2', '26', 'Consequatur cum incidunt possimus dignissimos dolor. Nulla placeat id voluptate voluptas qui explicabo hic. Laudantium ab at praesentium. Cumque labore id accusantium.', 'blanditiis', 43998933, NULL, '1988-06-12 04:30:55', '1971-09-24 23:41:40');
INSERT INTO `media` (`id`, `media_type_id`, `user_id`, `body`, `filename`, `size`, `metadata`, `created_at`, `updated_at`) VALUES ('27', '3', '27', 'Qui labore quasi beatae non. Est accusamus quod quos rem minima enim. Pariatur debitis et impedit doloribus non dolor. Sunt quia odio enim labore laborum nesciunt.', 'pariatur', 94567, NULL, '2004-11-25 23:56:05', '1988-05-08 00:04:29');
INSERT INTO `media` (`id`, `media_type_id`, `user_id`, `body`, `filename`, `size`, `metadata`, `created_at`, `updated_at`) VALUES ('28', '4', '28', 'Quaerat qui saepe nemo optio alias itaque. Sint ducimus enim nostrum vitae maxime tempore. Quia ad qui provident blanditiis et architecto.', 'labore', 9254, NULL, '1991-01-17 04:56:17', '2009-01-06 08:24:28');
INSERT INTO `media` (`id`, `media_type_id`, `user_id`, `body`, `filename`, `size`, `metadata`, `created_at`, `updated_at`) VALUES ('29', '1', '29', 'Quia quaerat aut quas voluptatem velit modi. Magni provident autem libero. Rerum est distinctio quas officiis repudiandae et voluptas esse. Et minima nulla asperiores sed.', 'expedita', 0, NULL, '2005-03-13 06:37:04', '2008-06-07 03:01:08');
INSERT INTO `media` (`id`, `media_type_id`, `user_id`, `body`, `filename`, `size`, `metadata`, `created_at`, `updated_at`) VALUES ('30', '2', '30', 'Deserunt corporis consequatur ut. Eligendi sit et dolores eum maiores.', 'qui', 3259745, NULL, '1994-05-03 23:09:48', '1993-02-26 09:19:53');
INSERT INTO `media` (`id`, `media_type_id`, `user_id`, `body`, `filename`, `size`, `metadata`, `created_at`, `updated_at`) VALUES ('31', '3', '31', 'Voluptatem aliquam dignissimos aut eum non quae et. Et ratione quidem eum corrupti cumque. Ut inventore veniam maxime voluptas dolor nostrum voluptas. Voluptate nihil aut in itaque optio vel itaque.', 'nihil', 7142, NULL, '2004-12-22 06:26:48', '1977-02-25 06:51:20');
INSERT INTO `media` (`id`, `media_type_id`, `user_id`, `body`, `filename`, `size`, `metadata`, `created_at`, `updated_at`) VALUES ('32', '4', '32', 'Qui sed quia inventore a consequatur veritatis quidem. Molestiae ullam rerum autem sit et molestiae itaque. Quas tenetur vitae nihil est sed sed.', 'delectus', 0, NULL, '2000-09-19 06:37:39', '2021-03-21 11:38:59');
INSERT INTO `media` (`id`, `media_type_id`, `user_id`, `body`, `filename`, `size`, `metadata`, `created_at`, `updated_at`) VALUES ('33', '1', '33', 'Quia dolores voluptas dicta ratione ipsam exercitationem. Consequatur quidem est architecto inventore eaque.', 'magnam', 54, NULL, '1973-10-11 22:20:31', '2005-01-03 16:22:04');
INSERT INTO `media` (`id`, `media_type_id`, `user_id`, `body`, `filename`, `size`, `metadata`, `created_at`, `updated_at`) VALUES ('34', '2', '34', 'Quod numquam ex dicta et iure reprehenderit voluptatem illum. Id quis distinctio ut aut dolores. Voluptatem laudantium fuga quo quis omnis adipisci et. Voluptas inventore consectetur quidem aut qui nam cupiditate.', 'repellendus', 1215, NULL, '1986-09-09 16:51:57', '2003-10-24 10:14:31');
INSERT INTO `media` (`id`, `media_type_id`, `user_id`, `body`, `filename`, `size`, `metadata`, `created_at`, `updated_at`) VALUES ('35', '3', '35', 'Nostrum aspernatur perferendis deserunt nam id autem perferendis rerum. Dolor sequi molestiae natus et libero. Qui et possimus magnam sit voluptate.', 'non', 851, NULL, '1985-06-24 21:11:05', '1977-09-12 21:39:25');
INSERT INTO `media` (`id`, `media_type_id`, `user_id`, `body`, `filename`, `size`, `metadata`, `created_at`, `updated_at`) VALUES ('36', '4', '36', 'Optio qui et officiis laudantium. Sed consequatur incidunt est provident enim consequatur hic. Quia explicabo atque voluptatem qui voluptates tempora saepe.', 'facere', 53193041, NULL, '2007-03-28 12:31:01', '2015-01-02 22:06:53');
INSERT INTO `media` (`id`, `media_type_id`, `user_id`, `body`, `filename`, `size`, `metadata`, `created_at`, `updated_at`) VALUES ('37', '1', '37', 'Repudiandae eum voluptatem dolore molestiae dolorem natus. Non eaque et at amet quidem est. Illo maiores aut iusto explicabo veniam ut.', 'qui', 297860027, NULL, '1985-05-19 00:17:35', '1986-04-21 16:23:10');
INSERT INTO `media` (`id`, `media_type_id`, `user_id`, `body`, `filename`, `size`, `metadata`, `created_at`, `updated_at`) VALUES ('38', '2', '38', 'Maxime architecto est consectetur nostrum laborum. Accusantium architecto corrupti soluta nulla tenetur debitis at. Illo sunt expedita tenetur ipsa laudantium ea distinctio iste.', 'nulla', 96121844, NULL, '2008-09-08 15:05:28', '2014-08-09 13:36:21');
INSERT INTO `media` (`id`, `media_type_id`, `user_id`, `body`, `filename`, `size`, `metadata`, `created_at`, `updated_at`) VALUES ('39', '3', '39', 'Qui fugit architecto possimus soluta. Officiis eum nostrum omnis vel officiis officia. Reiciendis architecto cupiditate aut tempora.', 'officia', 33, NULL, '1991-10-08 17:16:05', '1996-08-04 03:05:50');
INSERT INTO `media` (`id`, `media_type_id`, `user_id`, `body`, `filename`, `size`, `metadata`, `created_at`, `updated_at`) VALUES ('40', '4', '40', 'Dolorem natus minus at sint velit cum. Doloribus cumque officiis incidunt. Voluptates non nesciunt aut molestias sapiente. Quod sed porro veritatis sint.', 'minima', 330, NULL, '2001-06-19 04:43:05', '1994-06-11 12:47:17');
INSERT INTO `media` (`id`, `media_type_id`, `user_id`, `body`, `filename`, `size`, `metadata`, `created_at`, `updated_at`) VALUES ('41', '1', '41', 'Deleniti aut qui adipisci magni aperiam. Doloribus officiis blanditiis ipsa sit optio quas. Odit rem animi nihil consequatur non et rerum.', 'molestias', 637727, NULL, '1976-02-11 08:14:08', '1994-05-05 13:49:52');
INSERT INTO `media` (`id`, `media_type_id`, `user_id`, `body`, `filename`, `size`, `metadata`, `created_at`, `updated_at`) VALUES ('42', '2', '42', 'Voluptas unde aut eius laboriosam velit. Sit unde quam deleniti asperiores ipsum laudantium. Quos non dolorem voluptatem cupiditate.', 'non', 74714, NULL, '1989-11-13 12:14:48', '2016-04-18 06:45:13');
INSERT INTO `media` (`id`, `media_type_id`, `user_id`, `body`, `filename`, `size`, `metadata`, `created_at`, `updated_at`) VALUES ('43', '3', '43', 'Fugit velit voluptatibus qui dolor iste natus esse. Aliquam nihil vero est ea. Voluptate aut voluptas quia est repellendus.', 'quia', 2126113, NULL, '1971-02-12 10:52:39', '2010-01-18 06:50:00');
INSERT INTO `media` (`id`, `media_type_id`, `user_id`, `body`, `filename`, `size`, `metadata`, `created_at`, `updated_at`) VALUES ('44', '4', '44', 'Ea alias occaecati blanditiis ad et magnam dolor. Sunt dolores et assumenda sequi repellat facere doloribus. Quae quia et qui et consequatur unde qui sed.', 'possimus', 0, NULL, '2006-07-20 18:12:55', '2001-06-05 03:50:36');
INSERT INTO `media` (`id`, `media_type_id`, `user_id`, `body`, `filename`, `size`, `metadata`, `created_at`, `updated_at`) VALUES ('45', '1', '45', 'Vitae nesciunt aut ea magni praesentium neque. Quas laborum itaque sint et eum nostrum. Provident dolores accusantium ea molestiae dolores. Velit earum reiciendis id consequatur magni dolor dolorem. Aperiam quia consequatur molestiae aut veritatis.', 'praesentium', 705713, NULL, '1971-02-18 13:37:13', '2005-12-26 10:49:52');
INSERT INTO `media` (`id`, `media_type_id`, `user_id`, `body`, `filename`, `size`, `metadata`, `created_at`, `updated_at`) VALUES ('46', '2', '46', 'Sequi quidem dolor et qui in sed ut. Provident a ad facilis magni ipsa vero. Distinctio est qui facere.', 'labore', 707, NULL, '1976-06-12 08:26:08', '1973-03-07 15:19:20');
INSERT INTO `media` (`id`, `media_type_id`, `user_id`, `body`, `filename`, `size`, `metadata`, `created_at`, `updated_at`) VALUES ('47', '3', '47', 'Rerum distinctio porro tempora corrupti impedit. Et rerum sequi atque. Sapiente quas error dolor atque. Possimus eligendi quasi minima facere veritatis rem.', 'dolore', 0, NULL, '2010-04-17 12:43:25', '1987-05-29 09:55:21');
INSERT INTO `media` (`id`, `media_type_id`, `user_id`, `body`, `filename`, `size`, `metadata`, `created_at`, `updated_at`) VALUES ('48', '4', '48', 'Delectus reiciendis voluptas culpa est unde voluptas. Dolor dolorem optio sint sapiente est. Dolorem quis nam dicta ad tempora quia dolor. Quae voluptatem blanditiis iure quisquam consequatur nisi. Exercitationem voluptatem omnis est ipsam.', 'est', 5900610, NULL, '1995-07-29 01:43:14', '1999-08-07 18:18:58');
INSERT INTO `media` (`id`, `media_type_id`, `user_id`, `body`, `filename`, `size`, `metadata`, `created_at`, `updated_at`) VALUES ('49', '1', '49', 'Hic eaque non praesentium sed exercitationem a rerum. Tempora libero veniam natus qui inventore laudantium. Itaque sapiente doloribus et sunt perferendis.', 'iure', 2, NULL, '2011-08-03 02:08:09', '2017-03-15 20:42:01');
INSERT INTO `media` (`id`, `media_type_id`, `user_id`, `body`, `filename`, `size`, `metadata`, `created_at`, `updated_at`) VALUES ('50', '2', '50', 'Quo ut aliquid quia dolor repellendus quidem autem. Minima est cum aut aspernatur similique. Voluptatem iusto laboriosam dolorem blanditiis facilis nihil sit.', 'quo', 262, NULL, '1990-08-22 12:39:00', '2012-01-11 01:27:29');
INSERT INTO `media` (`id`, `media_type_id`, `user_id`, `body`, `filename`, `size`, `metadata`, `created_at`, `updated_at`) VALUES ('51', '3', '51', 'Quas consequuntur id vel cupiditate. Laboriosam nemo minus eveniet suscipit repellendus nemo deserunt. Nobis est in sequi qui.', 'nihil', 2, NULL, '1970-05-22 22:12:51', '2020-05-25 01:30:11');
INSERT INTO `media` (`id`, `media_type_id`, `user_id`, `body`, `filename`, `size`, `metadata`, `created_at`, `updated_at`) VALUES ('52', '4', '52', 'Ea ut eos quibusdam ad. Sed aut saepe autem voluptatibus non voluptatem fugiat.', 'sunt', 865, NULL, '2017-08-11 23:30:25', '1995-12-01 10:02:12');
INSERT INTO `media` (`id`, `media_type_id`, `user_id`, `body`, `filename`, `size`, `metadata`, `created_at`, `updated_at`) VALUES ('53', '1', '53', 'Atque qui praesentium sunt hic nam est inventore. Neque deserunt quo accusantium et ut. Aut deserunt vitae dolor exercitationem atque et vitae.', 'numquam', 186386389, NULL, '1984-09-06 15:11:11', '1973-02-24 00:40:53');
INSERT INTO `media` (`id`, `media_type_id`, `user_id`, `body`, `filename`, `size`, `metadata`, `created_at`, `updated_at`) VALUES ('54', '2', '54', 'Velit adipisci atque est quasi provident neque expedita nisi. At tempore debitis qui commodi minus nisi. Cupiditate numquam veniam est eligendi suscipit suscipit.', 'consequatur', 257702, NULL, '1978-02-15 22:19:03', '1981-03-18 07:54:00');
INSERT INTO `media` (`id`, `media_type_id`, `user_id`, `body`, `filename`, `size`, `metadata`, `created_at`, `updated_at`) VALUES ('55', '3', '55', 'Ullam reiciendis aliquam impedit corporis quis eligendi. Consequatur consequuntur doloremque rerum voluptas. Recusandae at eos qui sint id. Nesciunt possimus soluta enim dolores quo illum quas.', 'autem', 89, NULL, '1972-11-30 12:40:32', '2022-05-29 18:38:53');
INSERT INTO `media` (`id`, `media_type_id`, `user_id`, `body`, `filename`, `size`, `metadata`, `created_at`, `updated_at`) VALUES ('56', '4', '56', 'Voluptatem est repellat deleniti quod quibusdam. Quasi itaque neque dolor repudiandae velit. Labore ut sed aut.', 'veritatis', 3912, NULL, '2010-01-30 11:50:45', '2008-05-22 11:05:54');
INSERT INTO `media` (`id`, `media_type_id`, `user_id`, `body`, `filename`, `size`, `metadata`, `created_at`, `updated_at`) VALUES ('57', '1', '57', 'Iure maxime animi non tempore. Quod vel nobis et voluptatem odio.', 'velit', 1, NULL, '1987-11-30 13:00:07', '2015-04-10 17:53:53');
INSERT INTO `media` (`id`, `media_type_id`, `user_id`, `body`, `filename`, `size`, `metadata`, `created_at`, `updated_at`) VALUES ('58', '2', '58', 'Natus voluptas dolorum asperiores molestiae optio ut eius. In aliquam voluptas aut alias deserunt nemo commodi vitae. Sapiente deserunt qui recusandae eos.', 'nihil', 59765107, NULL, '1980-07-24 06:49:22', '1980-09-16 03:13:34');
INSERT INTO `media` (`id`, `media_type_id`, `user_id`, `body`, `filename`, `size`, `metadata`, `created_at`, `updated_at`) VALUES ('59', '3', '59', 'Iste aliquid occaecati ut minima doloribus. Cumque corporis aut provident recusandae veritatis aliquid voluptatem. Doloribus non rerum voluptatibus harum. Et fugiat illum voluptatem tempore molestias sapiente voluptatibus.', 'magnam', 0, NULL, '2016-08-29 11:04:12', '1984-06-22 08:46:03');
INSERT INTO `media` (`id`, `media_type_id`, `user_id`, `body`, `filename`, `size`, `metadata`, `created_at`, `updated_at`) VALUES ('60', '4', '60', 'Earum vel nam ratione expedita repellendus nobis consequuntur. Sed placeat praesentium sunt omnis et. Omnis fuga voluptate nulla inventore reiciendis optio in. Iusto veritatis sit quam voluptates doloremque in nulla.', 'qui', 6031, NULL, '2015-10-29 22:46:31', '1992-02-01 20:51:09');
INSERT INTO `media` (`id`, `media_type_id`, `user_id`, `body`, `filename`, `size`, `metadata`, `created_at`, `updated_at`) VALUES ('61', '1', '61', 'Voluptas commodi consequatur voluptates esse eius velit similique. Neque repellendus sed reiciendis modi molestias voluptatibus. Officia blanditiis et rem ut velit sed asperiores. Aliquid quis magnam modi doloribus.', 'sint', 3, NULL, '1973-12-09 15:15:17', '1995-09-21 20:12:04');
INSERT INTO `media` (`id`, `media_type_id`, `user_id`, `body`, `filename`, `size`, `metadata`, `created_at`, `updated_at`) VALUES ('62', '2', '62', 'Sed est mollitia et rerum. Adipisci id beatae quis officiis. Laudantium ut iste qui rem.', 'rerum', 2425371, NULL, '2009-05-17 00:38:46', '1990-02-06 17:34:13');
INSERT INTO `media` (`id`, `media_type_id`, `user_id`, `body`, `filename`, `size`, `metadata`, `created_at`, `updated_at`) VALUES ('63', '3', '63', 'Illo eaque nulla omnis voluptas voluptatem ab fugiat neque. Eum nam in optio. Ipsam itaque perspiciatis voluptatibus totam natus consequuntur dolorum.', 'est', 2, NULL, '2005-10-24 14:31:47', '2022-10-24 18:09:29');
INSERT INTO `media` (`id`, `media_type_id`, `user_id`, `body`, `filename`, `size`, `metadata`, `created_at`, `updated_at`) VALUES ('64', '4', '64', 'Et et dicta debitis omnis. Enim reiciendis ut in optio est voluptatum. Quis aut omnis libero ut consectetur tempora. Praesentium alias placeat omnis esse aut sunt.', 'deleniti', 0, NULL, '1977-07-12 23:37:46', '1979-09-05 06:28:03');
INSERT INTO `media` (`id`, `media_type_id`, `user_id`, `body`, `filename`, `size`, `metadata`, `created_at`, `updated_at`) VALUES ('65', '1', '65', 'Et ut repudiandae dolorum atque voluptatem et nostrum enim. Quidem eveniet numquam voluptas. Ut tempore aut quo incidunt eum dolor voluptatem.', 'ad', 139925170, NULL, '2010-04-30 04:28:42', '2010-07-13 02:01:50');
INSERT INTO `media` (`id`, `media_type_id`, `user_id`, `body`, `filename`, `size`, `metadata`, `created_at`, `updated_at`) VALUES ('66', '2', '66', 'Commodi et maiores et et sit alias atque. Quaerat dolorem veritatis dolor. Eum facilis voluptatem quia quis nam. Aspernatur suscipit sunt officiis velit dolorem ipsa.', 'omnis', 8024611, NULL, '1993-06-07 16:14:44', '1989-04-12 10:05:28');
INSERT INTO `media` (`id`, `media_type_id`, `user_id`, `body`, `filename`, `size`, `metadata`, `created_at`, `updated_at`) VALUES ('67', '3', '67', 'Magni laborum minima harum iste similique enim architecto fuga. Omnis repudiandae numquam reprehenderit ut harum ratione asperiores. Adipisci cum quia voluptate ut totam ad deserunt. Vel ipsam laboriosam explicabo repudiandae maiores libero.', 'dolores', 57107959, NULL, '1987-05-15 00:53:24', '2020-07-31 14:04:26');
INSERT INTO `media` (`id`, `media_type_id`, `user_id`, `body`, `filename`, `size`, `metadata`, `created_at`, `updated_at`) VALUES ('68', '4', '68', 'Repellendus sed et veniam et eum non. Non dolorem et quia enim quod eveniet. Ut ipsa culpa minus libero quaerat accusamus tempora quos. Rerum reprehenderit omnis et ab.', 'inventore', 128993177, NULL, '1994-06-11 13:20:39', '1982-11-30 07:53:26');
INSERT INTO `media` (`id`, `media_type_id`, `user_id`, `body`, `filename`, `size`, `metadata`, `created_at`, `updated_at`) VALUES ('69', '1', '69', 'Corporis reiciendis enim doloribus veniam modi dignissimos. Quia non ut explicabo repudiandae. Enim et architecto distinctio nesciunt pariatur doloremque error.', 'quaerat', 46972299, NULL, '2004-05-05 00:15:38', '2015-11-04 15:38:32');
INSERT INTO `media` (`id`, `media_type_id`, `user_id`, `body`, `filename`, `size`, `metadata`, `created_at`, `updated_at`) VALUES ('70', '2', '70', 'Quidem fugit aut sit aut dolore rerum. Perferendis est molestias minima enim amet. Facilis quos perferendis quasi quae cum minus in. Voluptatum fugit voluptate consequatur sint totam consequatur.', 'commodi', 85, NULL, '2021-05-24 06:28:57', '1987-11-30 20:58:52');
INSERT INTO `media` (`id`, `media_type_id`, `user_id`, `body`, `filename`, `size`, `metadata`, `created_at`, `updated_at`) VALUES ('71', '3', '71', 'Debitis ut qui numquam voluptate inventore in alias. Animi nihil ut rerum quod. Est fuga voluptatum temporibus vel. Et quia voluptatem eveniet. Omnis non et earum.', 'modi', 5592, NULL, '1970-02-18 06:47:03', '2004-05-20 16:24:55');
INSERT INTO `media` (`id`, `media_type_id`, `user_id`, `body`, `filename`, `size`, `metadata`, `created_at`, `updated_at`) VALUES ('72', '4', '72', 'Doloribus aut repellendus sit laudantium amet vero rerum. Sit consequatur fuga tempore. Aut veritatis cupiditate neque quidem eos suscipit. Aut eaque vel qui repudiandae animi mollitia autem.', 'aperiam', 160039583, NULL, '1989-12-18 12:08:15', '1970-03-10 20:26:38');
INSERT INTO `media` (`id`, `media_type_id`, `user_id`, `body`, `filename`, `size`, `metadata`, `created_at`, `updated_at`) VALUES ('73', '1', '73', 'Est error quod quidem asperiores. Saepe recusandae labore perspiciatis perferendis cum delectus. Sint facilis in rerum ea quidem accusamus voluptatum.', 'commodi', 0, NULL, '1994-09-18 22:10:02', '1983-06-14 14:47:37');
INSERT INTO `media` (`id`, `media_type_id`, `user_id`, `body`, `filename`, `size`, `metadata`, `created_at`, `updated_at`) VALUES ('74', '2', '74', 'Labore fugiat consequatur corporis odio consequatur nulla qui. Reprehenderit voluptatibus sint neque sit. Qui sunt eum maiores corrupti sunt dicta. Quisquam voluptatem maxime optio excepturi vel corporis. Ipsam id qui fugiat itaque reiciendis alias blanditiis.', 'delectus', 5, NULL, '2009-10-13 07:25:35', '1972-08-01 00:21:23');
INSERT INTO `media` (`id`, `media_type_id`, `user_id`, `body`, `filename`, `size`, `metadata`, `created_at`, `updated_at`) VALUES ('75', '3', '75', 'Et ut quia distinctio hic consequatur occaecati numquam dignissimos. Rerum enim distinctio deleniti delectus accusantium magnam corporis. Ut quia maxime ullam debitis minima. Quis iusto molestias sed illum reiciendis eligendi voluptatem. Iste aut maiores non ullam accusantium rerum.', 'voluptatem', 6, NULL, '1977-06-27 21:00:10', '1991-11-18 00:53:06');
INSERT INTO `media` (`id`, `media_type_id`, `user_id`, `body`, `filename`, `size`, `metadata`, `created_at`, `updated_at`) VALUES ('76', '4', '76', 'Sunt perspiciatis voluptatem sit dignissimos beatae. Exercitationem illum consequatur et inventore hic quaerat. Rem officia magnam voluptatibus fugiat. Quia veniam est dolorum explicabo sunt.', 'error', 0, NULL, '2010-10-23 21:02:16', '1973-04-12 16:35:49');
INSERT INTO `media` (`id`, `media_type_id`, `user_id`, `body`, `filename`, `size`, `metadata`, `created_at`, `updated_at`) VALUES ('77', '1', '77', 'Amet dicta vitae vel repellendus inventore voluptas quibusdam. Sed qui consectetur vel est molestias mollitia accusamus. Quisquam incidunt libero aut dolor ullam.', 'ratione', 0, NULL, '1973-06-19 22:02:31', '1980-07-01 16:58:03');
INSERT INTO `media` (`id`, `media_type_id`, `user_id`, `body`, `filename`, `size`, `metadata`, `created_at`, `updated_at`) VALUES ('78', '2', '78', 'Nemo dolorem inventore similique. Perspiciatis porro expedita quos iusto. Quia qui enim mollitia in.', 'iste', 0, NULL, '1977-09-11 04:50:23', '1990-05-16 04:23:03');
INSERT INTO `media` (`id`, `media_type_id`, `user_id`, `body`, `filename`, `size`, `metadata`, `created_at`, `updated_at`) VALUES ('79', '3', '79', 'Officia facere vel laborum voluptatem. Quod beatae eligendi autem amet. Sunt molestias et neque.', 'dolores', 664200, NULL, '1982-12-31 12:17:14', '2010-03-09 13:26:54');
INSERT INTO `media` (`id`, `media_type_id`, `user_id`, `body`, `filename`, `size`, `metadata`, `created_at`, `updated_at`) VALUES ('80', '4', '80', 'Ut error qui doloribus sint ipsum. Qui vel praesentium veritatis laudantium. Quas maiores cupiditate sed dolores vitae ipsa placeat. Consectetur beatae enim quis facilis consequuntur deserunt ratione.', 'dolorem', 382828, NULL, '1984-03-19 20:50:45', '2014-06-05 07:22:28');
INSERT INTO `media` (`id`, `media_type_id`, `user_id`, `body`, `filename`, `size`, `metadata`, `created_at`, `updated_at`) VALUES ('81', '1', '81', 'Non eligendi sit voluptatem nostrum dolores inventore autem. Quidem delectus vitae dolores quod et non. Voluptates facere maxime aut nesciunt soluta odit placeat in.', 'magni', 3202, NULL, '1984-12-06 08:31:31', '1989-01-19 19:55:39');
INSERT INTO `media` (`id`, `media_type_id`, `user_id`, `body`, `filename`, `size`, `metadata`, `created_at`, `updated_at`) VALUES ('82', '2', '82', 'Similique praesentium molestiae ut odio. Adipisci consequatur quis sed aspernatur illum. Voluptatem corrupti aliquid qui. Aut laudantium qui inventore qui.', 'eos', 44113921, NULL, '2016-02-13 19:45:08', '1996-04-08 02:07:31');
INSERT INTO `media` (`id`, `media_type_id`, `user_id`, `body`, `filename`, `size`, `metadata`, `created_at`, `updated_at`) VALUES ('83', '3', '83', 'Quia esse voluptas sint vel rerum deleniti. Minima fugit amet ea pariatur qui quis id. Ut architecto suscipit qui in consequuntur velit debitis quae. Incidunt expedita animi tenetur et magnam qui et.', 'delectus', 572286, NULL, '1996-08-08 14:14:26', '1978-04-21 07:22:38');
INSERT INTO `media` (`id`, `media_type_id`, `user_id`, `body`, `filename`, `size`, `metadata`, `created_at`, `updated_at`) VALUES ('84', '4', '84', 'Corrupti eveniet provident id aut voluptates voluptatem explicabo dolorum. Saepe iusto adipisci molestias temporibus quia minima reprehenderit. Veniam rerum rerum a fugit expedita. Enim sapiente ipsum qui qui consequatur eius et aut.', 'at', 62500038, NULL, '2020-09-17 06:41:37', '1996-11-15 13:47:44');
INSERT INTO `media` (`id`, `media_type_id`, `user_id`, `body`, `filename`, `size`, `metadata`, `created_at`, `updated_at`) VALUES ('85', '1', '85', 'Sit consequatur qui pariatur quo exercitationem assumenda ad id. Reiciendis cupiditate iusto maxime. Rerum rerum voluptatum corrupti harum beatae. Ea modi nam tempora qui voluptate.', 'ratione', 334906312, NULL, '1982-10-05 22:09:58', '1976-02-03 18:07:09');
INSERT INTO `media` (`id`, `media_type_id`, `user_id`, `body`, `filename`, `size`, `metadata`, `created_at`, `updated_at`) VALUES ('86', '2', '86', 'Aspernatur animi tenetur harum natus dolores. Quos inventore a quos. Quo dolor earum molestiae repellat officiis quis voluptatem suscipit. Ullam non aperiam quo neque accusamus non vitae.', 'officiis', 8624, NULL, '1995-09-12 00:21:17', '2021-11-01 09:16:31');
INSERT INTO `media` (`id`, `media_type_id`, `user_id`, `body`, `filename`, `size`, `metadata`, `created_at`, `updated_at`) VALUES ('87', '3', '87', 'Occaecati id enim fugit molestiae cupiditate dignissimos. Delectus quia eius facere ipsa labore. Ut est consequuntur voluptatibus mollitia nobis dolores. Consequuntur consequatur ratione vitae molestiae molestiae facere.', 'autem', 9579829, NULL, '1975-10-04 09:04:01', '1990-01-09 15:08:55');
INSERT INTO `media` (`id`, `media_type_id`, `user_id`, `body`, `filename`, `size`, `metadata`, `created_at`, `updated_at`) VALUES ('88', '4', '88', 'Voluptatem perspiciatis corporis et in et rem. Nihil veniam quis non quo. Est quam sit error ipsa rerum.', 'ut', 19487279, NULL, '1993-09-07 05:15:45', '2015-11-05 06:11:08');
INSERT INTO `media` (`id`, `media_type_id`, `user_id`, `body`, `filename`, `size`, `metadata`, `created_at`, `updated_at`) VALUES ('89', '1', '89', 'Doloremque ut aut quia non quia doloribus cumque. Voluptatem sapiente voluptatibus iure consectetur. Inventore voluptatem deserunt quibusdam perspiciatis sed. Nostrum voluptatibus sit culpa numquam accusantium et vel deserunt.', 'aperiam', 0, NULL, '1978-08-19 23:33:47', '1989-12-14 02:05:23');
INSERT INTO `media` (`id`, `media_type_id`, `user_id`, `body`, `filename`, `size`, `metadata`, `created_at`, `updated_at`) VALUES ('90', '2', '90', 'Consequuntur dicta facilis aut reiciendis nesciunt non. Beatae eveniet perspiciatis aliquid quis nemo consequatur. Omnis ducimus ut qui tenetur.', 'doloribus', 805410837, NULL, '1997-05-28 21:13:35', '2013-11-16 15:36:59');
INSERT INTO `media` (`id`, `media_type_id`, `user_id`, `body`, `filename`, `size`, `metadata`, `created_at`, `updated_at`) VALUES ('91', '3', '91', 'Ipsum natus eveniet dolores a facere exercitationem quaerat repellendus. Praesentium reiciendis odio nihil vel.', 'aperiam', 69511, NULL, '1998-04-05 02:44:37', '1978-08-28 18:07:42');
INSERT INTO `media` (`id`, `media_type_id`, `user_id`, `body`, `filename`, `size`, `metadata`, `created_at`, `updated_at`) VALUES ('92', '4', '92', 'Mollitia accusamus maiores ea repellendus voluptatem quaerat. Velit eaque perferendis consequuntur consequuntur. Corporis placeat qui quibusdam recusandae rem. Sunt laboriosam eos nihil voluptas.', 'ut', 53153, NULL, '1978-04-08 11:32:06', '1987-06-07 15:28:44');
INSERT INTO `media` (`id`, `media_type_id`, `user_id`, `body`, `filename`, `size`, `metadata`, `created_at`, `updated_at`) VALUES ('93', '1', '93', 'Aut consequuntur temporibus officiis sint et dolor a. Aperiam molestiae placeat blanditiis beatae qui reiciendis voluptatum enim. Consequuntur similique deleniti inventore reiciendis qui dolorum praesentium.', 'omnis', 8649862, NULL, '1987-10-02 06:00:27', '1990-01-10 06:25:26');
INSERT INTO `media` (`id`, `media_type_id`, `user_id`, `body`, `filename`, `size`, `metadata`, `created_at`, `updated_at`) VALUES ('94', '2', '94', 'Quis tempora aliquam ea maxime et voluptatem eius ipsum. Non eligendi officia sed voluptatem. Quibusdam commodi nemo minus ea eos placeat.', 'asperiores', 9311, NULL, '2002-10-14 21:44:34', '1996-02-01 23:15:27');
INSERT INTO `media` (`id`, `media_type_id`, `user_id`, `body`, `filename`, `size`, `metadata`, `created_at`, `updated_at`) VALUES ('95', '3', '95', 'Eum amet enim debitis ipsum. Quia eveniet iusto vero nihil quia. Eos eius modi autem sint sit. Qui dolore enim consequatur cum.', 'nostrum', 978, NULL, '1999-03-22 02:13:57', '1976-11-25 04:35:30');
INSERT INTO `media` (`id`, `media_type_id`, `user_id`, `body`, `filename`, `size`, `metadata`, `created_at`, `updated_at`) VALUES ('96', '4', '96', 'Eos tenetur dolores porro est delectus saepe. Repellat eius doloribus et cumque nesciunt et. Perspiciatis aut deserunt voluptatem vel.', 'explicabo', 14185926, NULL, '2015-09-12 14:17:18', '2000-07-17 22:40:26');
INSERT INTO `media` (`id`, `media_type_id`, `user_id`, `body`, `filename`, `size`, `metadata`, `created_at`, `updated_at`) VALUES ('97', '1', '97', 'Voluptatibus eligendi dolorem ducimus rerum repellat. Dolorum delectus voluptas animi eos occaecati aliquid fugiat qui. Quas et nesciunt nesciunt voluptatum doloremque. Quisquam et at ea dicta adipisci ad exercitationem.', 'aut', 3953, NULL, '2001-08-01 01:16:52', '1995-08-20 06:02:07');
INSERT INTO `media` (`id`, `media_type_id`, `user_id`, `body`, `filename`, `size`, `metadata`, `created_at`, `updated_at`) VALUES ('98', '2', '98', 'Sed alias odit excepturi dignissimos. Qui unde perspiciatis est corrupti earum voluptatem tempore. Facere quo et magnam ducimus nihil unde. Velit quasi consequatur distinctio aut.', 'maxime', 9, NULL, '2004-01-10 17:36:38', '1989-10-14 20:13:06');
INSERT INTO `media` (`id`, `media_type_id`, `user_id`, `body`, `filename`, `size`, `metadata`, `created_at`, `updated_at`) VALUES ('99', '3', '99', 'Deleniti eligendi voluptatem nihil tempora earum eaque porro. Accusamus distinctio ut tempora rerum ut dolor. Necessitatibus dignissimos qui architecto velit beatae.', 'eius', 232730, NULL, '1970-07-26 14:43:57', '1992-01-01 08:39:54');
INSERT INTO `media` (`id`, `media_type_id`, `user_id`, `body`, `filename`, `size`, `metadata`, `created_at`, `updated_at`) VALUES ('100', '4', '100', 'Est blanditiis repudiandae aut quia quia dolor quia fugit. Saepe repellat neque dolorem libero adipisci. Id provident debitis et deleniti expedita quia minima id. Blanditiis aut voluptatibus ut perspiciatis aliquam.', 'ipsum', 5687, NULL, '1980-08-11 13:25:23', '1976-03-21 23:46:46');


#
# TABLE STRUCTURE FOR: media_types
#

DROP TABLE IF EXISTS `media_types`;

CREATE TABLE `media_types` (
  `id` bigint(20) unsigned NOT NULL AUTO_INCREMENT,
  `name` varchar(255) COLLATE utf8mb4_unicode_ci DEFAULT NULL,
  `created_at` datetime DEFAULT current_timestamp(),
  `updated_at` datetime DEFAULT current_timestamp() ON UPDATE current_timestamp(),
  PRIMARY KEY (`id`)
) ENGINE=InnoDB AUTO_INCREMENT=5 DEFAULT CHARSET=utf8mb4 COLLATE=utf8mb4_unicode_ci;

INSERT INTO `media_types` (`id`, `name`, `created_at`, `updated_at`) VALUES ('1', 'dolores', '1994-01-24 11:11:59', '2017-10-03 04:30:56');
INSERT INTO `media_types` (`id`, `name`, `created_at`, `updated_at`) VALUES ('2', 'beatae', '1981-06-21 14:59:43', '1988-04-17 01:51:21');
INSERT INTO `media_types` (`id`, `name`, `created_at`, `updated_at`) VALUES ('3', 'consequuntur', '2013-04-07 06:26:00', '1970-09-16 16:26:53');
INSERT INTO `media_types` (`id`, `name`, `created_at`, `updated_at`) VALUES ('4', 'qui', '1981-12-02 22:07:08', '2010-06-19 01:45:56');


#
# TABLE STRUCTURE FOR: messages
#

DROP TABLE IF EXISTS `messages`;

CREATE TABLE `messages` (
  `id` bigint(20) unsigned NOT NULL AUTO_INCREMENT,
  `from_user_id` bigint(20) unsigned NOT NULL,
  `to_user_id` bigint(20) unsigned NOT NULL,
  `body` text COLLATE utf8mb4_unicode_ci DEFAULT NULL,
  `created_at` datetime DEFAULT current_timestamp(),
  PRIMARY KEY (`id`),
  KEY `from_user_id` (`from_user_id`),
  KEY `to_user_id` (`to_user_id`),
  CONSTRAINT `messages_ibfk_1` FOREIGN KEY (`from_user_id`) REFERENCES `users` (`id`) ON DELETE CASCADE ON UPDATE CASCADE,
  CONSTRAINT `messages_ibfk_2` FOREIGN KEY (`to_user_id`) REFERENCES `users` (`id`) ON DELETE CASCADE ON UPDATE CASCADE
) ENGINE=InnoDB AUTO_INCREMENT=101 DEFAULT CHARSET=utf8mb4 COLLATE=utf8mb4_unicode_ci;

INSERT INTO `messages` (`id`, `from_user_id`, `to_user_id`, `body`, `created_at`) VALUES ('1', '79', '31', 'Est modi sapiente occaecati sint cupiditate ullam. Iusto perferendis rerum et possimus saepe enim et. Commodi nam est a cupiditate. Molestias modi soluta sit. Doloremque deleniti odio quibusdam.', '1990-10-10 16:25:10');
INSERT INTO `messages` (`id`, `from_user_id`, `to_user_id`, `body`, `created_at`) VALUES ('2', '16', '30', 'Omnis est nulla sint officiis debitis ut. Consequatur alias occaecati et est et aliquam vitae assumenda. Cupiditate magnam voluptates error odit. Laudantium deleniti ut expedita id debitis laudantium velit maxime.', '2003-09-10 01:26:07');
INSERT INTO `messages` (`id`, `from_user_id`, `to_user_id`, `body`, `created_at`) VALUES ('3', '28', '46', 'Quia delectus fuga dolores et et omnis. Ea id ea laborum excepturi ut. Id officia eligendi provident occaecati.', '1996-04-29 12:11:11');
INSERT INTO `messages` (`id`, `from_user_id`, `to_user_id`, `body`, `created_at`) VALUES ('4', '5', '83', 'Deleniti nulla voluptate eum reiciendis itaque sunt. Et ex aut ullam aut ut sed quia eos. Adipisci et cupiditate dolores aut qui. Est labore cupiditate earum pariatur quia qui nihil.', '2007-05-05 00:51:48');
INSERT INTO `messages` (`id`, `from_user_id`, `to_user_id`, `body`, `created_at`) VALUES ('5', '10', '25', 'Explicabo laboriosam repudiandae aliquid eum nostrum fuga. Ipsam odio culpa aut quas qui dolorem dignissimos. Et veniam nisi non in fugiat consequuntur.', '1973-11-10 01:09:44');
INSERT INTO `messages` (`id`, `from_user_id`, `to_user_id`, `body`, `created_at`) VALUES ('6', '40', '78', 'Velit eum earum temporibus est tenetur dolorem voluptatem hic. Odit est molestias qui vel at. Incidunt sed autem dolor et quo cum architecto et. Est commodi aperiam corrupti sint alias voluptatem doloribus.', '1978-10-30 10:47:33');
INSERT INTO `messages` (`id`, `from_user_id`, `to_user_id`, `body`, `created_at`) VALUES ('7', '67', '15', 'Nulla cumque ullam quia est accusamus ut ut ratione. Aut id fuga omnis ad qui. Earum eos praesentium id perferendis blanditiis.', '2021-08-15 13:52:10');
INSERT INTO `messages` (`id`, `from_user_id`, `to_user_id`, `body`, `created_at`) VALUES ('8', '40', '5', 'Nihil enim nobis iusto. Id quibusdam odio illo et. Eaque voluptate autem quibusdam dolor. Rerum est ut rem veniam.', '1973-04-28 06:28:23');
INSERT INTO `messages` (`id`, `from_user_id`, `to_user_id`, `body`, `created_at`) VALUES ('9', '18', '51', 'Quidem minima fugiat ex ex repellendus optio perferendis consectetur. Optio quo omnis harum odio facere. Quia excepturi voluptas aut consequuntur.', '1970-01-07 18:12:57');
INSERT INTO `messages` (`id`, `from_user_id`, `to_user_id`, `body`, `created_at`) VALUES ('10', '48', '70', 'Necessitatibus in neque voluptates ut adipisci. Non saepe natus et ad consequatur debitis. Aliquid autem ex dolor. Aliquid eum excepturi aliquid.', '1991-07-30 22:21:43');
INSERT INTO `messages` (`id`, `from_user_id`, `to_user_id`, `body`, `created_at`) VALUES ('11', '2', '82', 'Corrupti omnis ad aut sint natus omnis in velit. Eius nisi dolore aspernatur consequatur id dolor aspernatur modi. Quaerat temporibus aut et veritatis. Eaque quisquam dolorem atque fuga vel.', '2011-08-14 15:10:53');
INSERT INTO `messages` (`id`, `from_user_id`, `to_user_id`, `body`, `created_at`) VALUES ('12', '75', '29', 'Adipisci et quia sint eos dolores eius et. Omnis dolore eligendi accusantium voluptates. Atque sunt consequatur quisquam animi qui assumenda. Veritatis ullam mollitia itaque molestiae hic sit dolores.', '1985-04-20 09:55:08');
INSERT INTO `messages` (`id`, `from_user_id`, `to_user_id`, `body`, `created_at`) VALUES ('13', '14', '2', 'Ut vero nam non. Ut illo aliquid voluptatum pariatur qui aut ut.', '1982-05-26 14:04:14');
INSERT INTO `messages` (`id`, `from_user_id`, `to_user_id`, `body`, `created_at`) VALUES ('14', '77', '14', 'Fuga blanditiis consequatur illo eos. Debitis explicabo sed cum et. Qui maiores officia id sed repudiandae. Modi corporis ab eos reprehenderit.', '2008-01-11 06:00:08');
INSERT INTO `messages` (`id`, `from_user_id`, `to_user_id`, `body`, `created_at`) VALUES ('15', '46', '97', 'Expedita itaque vero quo nemo est aut. Inventore autem quo soluta rerum. Odio hic id vitae est minima voluptatem doloremque. Voluptates voluptatem magni non. Sint et amet consectetur error non suscipit.', '1978-03-29 15:55:45');
INSERT INTO `messages` (`id`, `from_user_id`, `to_user_id`, `body`, `created_at`) VALUES ('16', '12', '66', 'Nulla sit voluptatem sit cumque autem doloribus ut. Et sequi non qui ducimus. Adipisci rem autem quidem voluptas nam. Quia omnis inventore aut nam voluptas. Iure est ut quos quia.', '1991-01-25 06:03:39');
INSERT INTO `messages` (`id`, `from_user_id`, `to_user_id`, `body`, `created_at`) VALUES ('17', '95', '48', 'Fugiat error repellendus sequi inventore voluptates est. Aliquid repellendus earum aspernatur dignissimos. In fuga vel dolorem ipsum quam aut non. Corporis minus mollitia omnis quae libero.', '1974-05-06 10:25:08');
INSERT INTO `messages` (`id`, `from_user_id`, `to_user_id`, `body`, `created_at`) VALUES ('18', '97', '92', 'Voluptatibus dolores quas vel ad. Sit quasi nobis sit amet ut perferendis minus.', '1971-01-11 22:22:05');
INSERT INTO `messages` (`id`, `from_user_id`, `to_user_id`, `body`, `created_at`) VALUES ('19', '70', '84', 'Repellendus ipsam minus culpa voluptas animi eaque. Accusantium repellendus incidunt et ea. Et sint sint laborum veniam ab quis consequatur.', '1996-05-17 15:37:10');
INSERT INTO `messages` (`id`, `from_user_id`, `to_user_id`, `body`, `created_at`) VALUES ('20', '40', '97', 'Libero assumenda rerum nisi et at ea. Consequatur praesentium est autem. Veniam voluptas praesentium voluptas dolores.', '1987-06-10 11:05:45');
INSERT INTO `messages` (`id`, `from_user_id`, `to_user_id`, `body`, `created_at`) VALUES ('21', '50', '81', 'Reprehenderit exercitationem corporis omnis. Reprehenderit vero dolore unde aut. In quidem qui non consequatur qui.', '1973-03-03 20:08:10');
INSERT INTO `messages` (`id`, `from_user_id`, `to_user_id`, `body`, `created_at`) VALUES ('22', '6', '56', 'Est quo et tenetur. Maxime in laboriosam quam voluptatum reiciendis voluptatum. Sit est iure autem at quaerat eligendi. Est quam delectus illum asperiores.', '2020-01-29 05:29:33');
INSERT INTO `messages` (`id`, `from_user_id`, `to_user_id`, `body`, `created_at`) VALUES ('23', '72', '7', 'Omnis fugiat iure iste animi. Autem modi fuga porro et autem asperiores minima. Atque et eaque quidem aliquam.', '1993-07-06 04:24:50');
INSERT INTO `messages` (`id`, `from_user_id`, `to_user_id`, `body`, `created_at`) VALUES ('24', '39', '29', 'Voluptatem quasi vel inventore rerum voluptas dolore et. Aspernatur illum officia esse ipsum. Sint explicabo libero velit sequi est atque.', '2012-04-25 15:17:25');
INSERT INTO `messages` (`id`, `from_user_id`, `to_user_id`, `body`, `created_at`) VALUES ('25', '91', '21', 'Dignissimos occaecati esse omnis quam ea. Aliquam minima impedit harum expedita minima. Reprehenderit ea ipsa eum cumque. Architecto non qui nihil rem velit quasi iste.', '1974-11-26 10:56:05');
INSERT INTO `messages` (`id`, `from_user_id`, `to_user_id`, `body`, `created_at`) VALUES ('26', '77', '59', 'Dolore in molestiae sunt consectetur quo et voluptas. Est molestias quasi quia consequatur unde. Omnis accusamus tenetur laborum voluptatum pariatur aut ut.', '1982-06-16 16:01:25');
INSERT INTO `messages` (`id`, `from_user_id`, `to_user_id`, `body`, `created_at`) VALUES ('27', '32', '96', 'Similique dolorem cumque accusantium recusandae. Debitis vel inventore quidem iste sint ducimus. Quo iusto perspiciatis iure et. Excepturi itaque et molestiae sunt.', '1988-03-21 10:41:27');
INSERT INTO `messages` (`id`, `from_user_id`, `to_user_id`, `body`, `created_at`) VALUES ('28', '80', '22', 'Cumque itaque cumque assumenda id natus dolorem. Aut maxime voluptatem recusandae mollitia.', '2019-01-05 18:33:19');
INSERT INTO `messages` (`id`, `from_user_id`, `to_user_id`, `body`, `created_at`) VALUES ('29', '15', '76', 'Culpa et qui aperiam repellendus porro veniam perspiciatis inventore. Dolor velit ipsa velit soluta sint rerum inventore.', '1997-02-15 06:28:44');
INSERT INTO `messages` (`id`, `from_user_id`, `to_user_id`, `body`, `created_at`) VALUES ('30', '28', '23', 'Aliquid cumque tenetur dignissimos. Earum expedita natus qui harum voluptates dolores itaque reiciendis. Eaque a omnis quia nesciunt.', '1977-05-04 08:37:17');
INSERT INTO `messages` (`id`, `from_user_id`, `to_user_id`, `body`, `created_at`) VALUES ('31', '21', '26', 'Ut aut fuga harum. Odio corrupti repellat voluptatum in corporis corrupti. Et perspiciatis sit nihil enim a et. Tenetur voluptatem ex modi ducimus officiis sunt.', '2013-01-22 05:56:09');
INSERT INTO `messages` (`id`, `from_user_id`, `to_user_id`, `body`, `created_at`) VALUES ('32', '57', '27', 'At non explicabo qui alias. Doloribus consequatur tempora dolorem dolores. Et iusto qui consequatur molestiae possimus. In dolor aut voluptatem ut.', '1984-04-02 23:21:13');
INSERT INTO `messages` (`id`, `from_user_id`, `to_user_id`, `body`, `created_at`) VALUES ('33', '21', '95', 'Aspernatur enim saepe rem accusamus. Et est velit minus in rerum ad. Impedit et fuga porro quo. Temporibus ipsum laudantium quaerat.', '1989-11-15 03:50:28');
INSERT INTO `messages` (`id`, `from_user_id`, `to_user_id`, `body`, `created_at`) VALUES ('34', '3', '64', 'In iure odit accusantium maxime blanditiis. Et eum autem neque accusamus nulla. Veritatis ut omnis voluptates. Sunt incidunt laboriosam officia odio minus.', '2004-12-03 06:21:23');
INSERT INTO `messages` (`id`, `from_user_id`, `to_user_id`, `body`, `created_at`) VALUES ('35', '47', '25', 'Sequi sint sed laboriosam dolorum enim qui ipsam. Cumque ad quidem laborum beatae deleniti debitis quaerat. Repellendus recusandae tempore voluptas ut.', '2001-09-13 20:44:32');
INSERT INTO `messages` (`id`, `from_user_id`, `to_user_id`, `body`, `created_at`) VALUES ('36', '47', '8', 'Quasi autem aperiam at. Velit commodi et consectetur veritatis necessitatibus eaque. Doloribus at inventore rerum aliquam.', '2001-07-18 19:38:42');
INSERT INTO `messages` (`id`, `from_user_id`, `to_user_id`, `body`, `created_at`) VALUES ('37', '61', '9', 'Exercitationem molestiae mollitia saepe aut sit aperiam. Vel quo tempore enim. Maxime aut vel aperiam tempora. Commodi consequatur excepturi atque iusto magni.', '1997-03-26 03:05:10');
INSERT INTO `messages` (`id`, `from_user_id`, `to_user_id`, `body`, `created_at`) VALUES ('38', '53', '33', 'Quia ut optio dolores magni sunt magni dicta quisquam. Nihil adipisci minima non tempora facilis. Porro eum ad exercitationem nesciunt porro dolorem.', '1997-01-08 04:13:19');
INSERT INTO `messages` (`id`, `from_user_id`, `to_user_id`, `body`, `created_at`) VALUES ('39', '72', '52', 'Veritatis sunt sequi consequatur vel officiis sapiente dignissimos. Ad vel voluptatibus omnis velit est sunt fugiat. Deleniti vel rerum doloribus eum doloribus. Est mollitia optio accusantium esse quisquam.', '1981-01-09 14:15:01');
INSERT INTO `messages` (`id`, `from_user_id`, `to_user_id`, `body`, `created_at`) VALUES ('40', '22', '40', 'Dolores accusantium cum minima velit et. Vel vel minima quo. Est ut ut quis. Rerum quam accusantium rerum alias enim quaerat.', '2011-03-06 12:42:21');
INSERT INTO `messages` (`id`, `from_user_id`, `to_user_id`, `body`, `created_at`) VALUES ('41', '4', '48', 'Eveniet atque doloremque repudiandae esse. Eveniet unde debitis quia quaerat. Quia a in nulla tempore deserunt amet aliquid alias. Hic alias accusamus quia fuga quia beatae sit.', '2006-05-25 16:01:50');
INSERT INTO `messages` (`id`, `from_user_id`, `to_user_id`, `body`, `created_at`) VALUES ('42', '9', '72', 'Quo cumque quas molestiae magnam consequuntur labore explicabo ex. Repellendus commodi quia nobis. Ullam fugit eum nobis nam in odit. Iste culpa fugiat eum nobis.', '1988-06-30 13:18:07');
INSERT INTO `messages` (`id`, `from_user_id`, `to_user_id`, `body`, `created_at`) VALUES ('43', '72', '90', 'Error non facilis dicta cupiditate. Et porro aut mollitia quia perspiciatis. Quis sunt voluptatum voluptas laudantium. Beatae iure aut sed vel suscipit.', '1996-09-15 16:43:26');
INSERT INTO `messages` (`id`, `from_user_id`, `to_user_id`, `body`, `created_at`) VALUES ('44', '97', '76', 'Nihil sed dolores numquam laudantium recusandae asperiores. Et fugit a ut iusto. Cumque ut rerum dignissimos enim.', '1996-02-22 10:06:38');
INSERT INTO `messages` (`id`, `from_user_id`, `to_user_id`, `body`, `created_at`) VALUES ('45', '25', '42', 'Quaerat ut error laboriosam quasi. Eum facilis voluptatem omnis. Eum quis quis sunt minus nam sint. Et voluptatum officiis non aut id rerum. Voluptatem laborum minus qui dolorum.', '1996-10-13 12:31:40');
INSERT INTO `messages` (`id`, `from_user_id`, `to_user_id`, `body`, `created_at`) VALUES ('46', '30', '72', 'Maiores eligendi voluptatibus sed modi enim. Accusantium vel ullam ut incidunt dolores itaque in. Dolorem rem et odio sed porro. Iste quia eum possimus. Dolore saepe quidem accusantium aut dolorem.', '2014-08-16 23:16:13');
INSERT INTO `messages` (`id`, `from_user_id`, `to_user_id`, `body`, `created_at`) VALUES ('47', '83', '1', 'Aut optio ullam aliquid. In praesentium labore a libero. Sunt possimus pariatur a deserunt.', '1970-06-30 23:16:18');
INSERT INTO `messages` (`id`, `from_user_id`, `to_user_id`, `body`, `created_at`) VALUES ('48', '82', '84', 'Qui tempora eaque possimus adipisci aut. Temporibus sint est dolor incidunt. Eos eius voluptas rerum eos aut.', '2020-11-20 06:16:28');
INSERT INTO `messages` (`id`, `from_user_id`, `to_user_id`, `body`, `created_at`) VALUES ('49', '64', '61', 'Ipsum voluptatem natus reprehenderit exercitationem ipsam. Eos est rerum voluptatem optio. In itaque qui id repellat. Et voluptatem quia voluptatibus.', '1980-01-13 17:20:59');
INSERT INTO `messages` (`id`, `from_user_id`, `to_user_id`, `body`, `created_at`) VALUES ('50', '93', '95', 'Soluta perspiciatis sit ut quaerat dignissimos ab. Expedita blanditiis beatae dolor deserunt molestias ut. Soluta inventore voluptate aperiam facilis voluptatem voluptates. Unde placeat qui eos.', '2004-06-30 14:26:28');
INSERT INTO `messages` (`id`, `from_user_id`, `to_user_id`, `body`, `created_at`) VALUES ('51', '62', '51', 'Voluptatem sunt voluptas velit veritatis dolor dolorum. Magnam nam cum fugit unde quidem error. Corrupti ipsum voluptatum exercitationem dolore dolor nisi.', '1999-08-19 11:00:31');
INSERT INTO `messages` (`id`, `from_user_id`, `to_user_id`, `body`, `created_at`) VALUES ('52', '75', '9', 'Quae sit veritatis itaque cum asperiores unde dolorem. Iste soluta nam id quia aspernatur nam. Quibusdam odit quaerat aspernatur omnis eos.', '2015-05-27 01:03:04');
INSERT INTO `messages` (`id`, `from_user_id`, `to_user_id`, `body`, `created_at`) VALUES ('53', '61', '45', 'Nesciunt autem similique commodi voluptas accusantium ex asperiores mollitia. Quidem aut ipsum et alias. Laboriosam numquam ea et rerum rem.', '2008-03-28 21:38:01');
INSERT INTO `messages` (`id`, `from_user_id`, `to_user_id`, `body`, `created_at`) VALUES ('54', '7', '66', 'Ut voluptatem ea accusamus ab eveniet tempore. Ad accusamus exercitationem suscipit qui. Voluptas est odit eos repudiandae ad asperiores est. Fugiat repellat quae et exercitationem.', '2014-12-07 16:44:03');
INSERT INTO `messages` (`id`, `from_user_id`, `to_user_id`, `body`, `created_at`) VALUES ('55', '92', '46', 'Praesentium ut voluptatibus libero atque quidem aliquam. Fugiat et reiciendis quo est porro nostrum dolorem. Odio hic ex laudantium ducimus pariatur. Tempora aut possimus suscipit.', '1989-09-16 04:51:37');
INSERT INTO `messages` (`id`, `from_user_id`, `to_user_id`, `body`, `created_at`) VALUES ('56', '16', '55', 'Ea ut eum consequatur molestiae officia. Commodi facere et non dolores omnis quae minus. Eveniet aut et porro voluptatem harum impedit aut qui. Sit repellat veritatis dolores.', '2019-12-25 00:51:46');
INSERT INTO `messages` (`id`, `from_user_id`, `to_user_id`, `body`, `created_at`) VALUES ('57', '33', '33', 'Sunt adipisci quibusdam magnam ipsa cupiditate quia animi. Sint repellat autem omnis reprehenderit ut error cumque. Dolores et tempore autem vel similique.', '1973-12-13 06:19:16');
INSERT INTO `messages` (`id`, `from_user_id`, `to_user_id`, `body`, `created_at`) VALUES ('58', '5', '95', 'Ad inventore a quia ut ut magnam. Itaque commodi a deserunt officia. Fugit eos quo doloremque alias eius quam quod.', '1975-09-01 21:22:36');
INSERT INTO `messages` (`id`, `from_user_id`, `to_user_id`, `body`, `created_at`) VALUES ('59', '70', '59', 'Ipsam quae et tempora quae sint. Facere voluptas dolores id sit commodi consequuntur nostrum. Id iure dolorem ut qui. Magni rem culpa excepturi repudiandae fugit impedit dolorem. Error architecto repellat qui in.', '1976-06-18 12:47:31');
INSERT INTO `messages` (`id`, `from_user_id`, `to_user_id`, `body`, `created_at`) VALUES ('60', '72', '90', 'Expedita non et reiciendis eos qui ea corrupti. Ut incidunt aliquam vero iste. Eius et voluptatem et voluptate. Necessitatibus repellendus et hic ex tempora aliquid.', '2005-07-25 02:59:28');
INSERT INTO `messages` (`id`, `from_user_id`, `to_user_id`, `body`, `created_at`) VALUES ('61', '29', '86', 'Dolores dolorem omnis facilis vero. Voluptatem itaque consequuntur sit consequatur magni id ullam corporis. Est inventore reprehenderit iste et laboriosam.', '2011-12-01 23:46:14');
INSERT INTO `messages` (`id`, `from_user_id`, `to_user_id`, `body`, `created_at`) VALUES ('62', '19', '65', 'Nihil accusantium qui quae inventore numquam. Ea atque et suscipit quibusdam quo. Sit assumenda aperiam error at incidunt qui est.', '1995-02-10 11:46:17');
INSERT INTO `messages` (`id`, `from_user_id`, `to_user_id`, `body`, `created_at`) VALUES ('63', '38', '36', 'In qui perferendis consequatur aut ea fugiat beatae. Et molestiae iste sint quo. Quasi enim ut sint adipisci sit consequatur sit. Voluptatem ut pariatur quia impedit non molestias ratione eveniet.', '1999-03-05 05:52:38');
INSERT INTO `messages` (`id`, `from_user_id`, `to_user_id`, `body`, `created_at`) VALUES ('64', '13', '18', 'Sit aut aliquid eligendi praesentium aut dolores. Eum ab est alias ut et. A sit harum asperiores eveniet aut enim consequatur. Esse qui qui ea et rerum quaerat.', '1975-11-21 17:51:43');
INSERT INTO `messages` (`id`, `from_user_id`, `to_user_id`, `body`, `created_at`) VALUES ('65', '63', '91', 'Distinctio quod cupiditate ullam cum temporibus. Officia eveniet voluptatibus illo rerum aut sint amet. Voluptatem minus distinctio doloribus quidem alias. Magni delectus qui dignissimos deserunt repellendus distinctio autem.', '1996-04-17 23:21:10');
INSERT INTO `messages` (`id`, `from_user_id`, `to_user_id`, `body`, `created_at`) VALUES ('66', '98', '90', 'Nihil iure consequuntur nesciunt exercitationem vero id. Doloremque quia aut delectus aliquid mollitia vel nesciunt ex. Quas ut optio occaecati nam suscipit dicta. Non laborum et error amet quia.', '1976-01-01 00:24:52');
INSERT INTO `messages` (`id`, `from_user_id`, `to_user_id`, `body`, `created_at`) VALUES ('67', '28', '19', 'Quis atque omnis et repellendus animi aut consequatur. Suscipit cumque explicabo eum quod exercitationem velit unde illo.', '1997-08-31 06:31:44');
INSERT INTO `messages` (`id`, `from_user_id`, `to_user_id`, `body`, `created_at`) VALUES ('68', '67', '36', 'Molestiae animi occaecati error voluptatem sunt. Iste aliquid dolorem explicabo qui fugiat debitis. Eos doloribus nesciunt maxime ratione sapiente. Aut iste blanditiis ut odit maxime et ut.', '1978-06-29 17:46:37');
INSERT INTO `messages` (`id`, `from_user_id`, `to_user_id`, `body`, `created_at`) VALUES ('69', '7', '18', 'Sit autem quia nesciunt explicabo placeat voluptatibus est. Voluptates sunt reiciendis repellendus quo. Officiis excepturi laborum qui minus.', '1999-12-03 00:59:35');
INSERT INTO `messages` (`id`, `from_user_id`, `to_user_id`, `body`, `created_at`) VALUES ('70', '74', '11', 'Nostrum tempore omnis ipsa dignissimos. Et laborum doloribus fugiat sint voluptatem ipsam dolorem. Voluptas iste et explicabo quis rerum magni adipisci. Ut rem minima vel expedita. Qui deleniti accusantium a id.', '1999-02-25 06:44:50');
INSERT INTO `messages` (`id`, `from_user_id`, `to_user_id`, `body`, `created_at`) VALUES ('71', '35', '29', 'Aut velit fugit debitis similique. Sed vero consequatur similique quisquam autem libero blanditiis qui.', '2020-04-20 10:39:45');
INSERT INTO `messages` (`id`, `from_user_id`, `to_user_id`, `body`, `created_at`) VALUES ('72', '86', '37', 'Ad quas nihil rerum omnis. Facilis totam illum fugit vero ex officiis illum. Quia qui laborum ipsum repudiandae quia consequatur totam. Sed fugiat atque vitae dolor temporibus exercitationem quia.', '1975-06-25 03:07:34');
INSERT INTO `messages` (`id`, `from_user_id`, `to_user_id`, `body`, `created_at`) VALUES ('73', '97', '18', 'At et voluptates eius et. Eum inventore sit ut dolor rerum at. Totam voluptate aut totam.', '2002-11-11 17:31:11');
INSERT INTO `messages` (`id`, `from_user_id`, `to_user_id`, `body`, `created_at`) VALUES ('74', '25', '47', 'Eius iusto aliquid laboriosam cupiditate ut consequatur facere. Eveniet minus ut ut velit qui omnis. Nostrum est aut commodi est qui enim voluptas rem. Nesciunt sunt quia iste incidunt omnis.', '2005-03-05 06:46:36');
INSERT INTO `messages` (`id`, `from_user_id`, `to_user_id`, `body`, `created_at`) VALUES ('75', '26', '68', 'Dolore a suscipit distinctio consequatur quis beatae quibusdam ut. Accusamus accusamus id saepe sint dolores voluptatem labore sit. Veritatis rerum sint velit rerum provident explicabo. Voluptas consectetur et ipsum nulla ut magnam et.', '2000-11-08 11:36:22');
INSERT INTO `messages` (`id`, `from_user_id`, `to_user_id`, `body`, `created_at`) VALUES ('76', '18', '7', 'Et illo vitae at harum natus. Nisi officia nisi possimus. Autem atque est et omnis.', '1979-09-02 18:41:51');
INSERT INTO `messages` (`id`, `from_user_id`, `to_user_id`, `body`, `created_at`) VALUES ('77', '47', '14', 'Qui ea ea nobis sit illum omnis. Non cupiditate saepe dolor voluptatem cumque aliquid iusto. Voluptates optio eligendi sunt. Est maiores reiciendis nesciunt necessitatibus deleniti quidem voluptatum.', '1982-06-29 19:23:22');
INSERT INTO `messages` (`id`, `from_user_id`, `to_user_id`, `body`, `created_at`) VALUES ('78', '72', '78', 'Suscipit sint ut sed suscipit ut deserunt et. A voluptatem non libero quam. Ducimus porro expedita totam similique rerum id perferendis.', '1987-12-08 20:32:23');
INSERT INTO `messages` (`id`, `from_user_id`, `to_user_id`, `body`, `created_at`) VALUES ('79', '47', '3', 'Facilis cupiditate officiis officia qui dolorum. Doloremque est incidunt cumque. Incidunt consequatur reiciendis et quae neque.', '1976-06-03 08:22:37');
INSERT INTO `messages` (`id`, `from_user_id`, `to_user_id`, `body`, `created_at`) VALUES ('80', '71', '71', 'Est et sed atque omnis aliquid. Fugit occaecati saepe praesentium repellat et et. Sed optio iusto aut voluptate corporis dignissimos aut.', '1991-10-17 19:05:49');
INSERT INTO `messages` (`id`, `from_user_id`, `to_user_id`, `body`, `created_at`) VALUES ('81', '59', '34', 'Odit ex delectus amet maxime ut. Ipsum id veniam quaerat enim qui voluptatibus voluptatem rem. Minima magni consequatur quia et mollitia adipisci aliquam. Tenetur consequatur eligendi veniam qui dolorem enim sit sit.', '1998-09-15 15:24:28');
INSERT INTO `messages` (`id`, `from_user_id`, `to_user_id`, `body`, `created_at`) VALUES ('82', '56', '86', 'Et ratione qui ab et. Modi maxime et exercitationem atque rerum neque quam cum. Consectetur nihil est voluptatibus voluptatem molestias fuga omnis dignissimos.', '2007-11-04 19:21:36');
INSERT INTO `messages` (`id`, `from_user_id`, `to_user_id`, `body`, `created_at`) VALUES ('83', '24', '8', 'Iste sequi ex deleniti tempora eligendi eos sapiente. Impedit similique dolorum qui. Voluptatum necessitatibus ut qui tempore voluptas tenetur quo fugiat. Numquam exercitationem velit sunt quo eligendi.', '2018-10-08 12:38:02');
INSERT INTO `messages` (`id`, `from_user_id`, `to_user_id`, `body`, `created_at`) VALUES ('84', '1', '51', 'Hic dignissimos nam vel illo quasi totam sed. Recusandae dolores quo quis voluptatem. Et et quis error consequuntur. Qui similique velit atque at.', '2007-12-02 06:59:25');
INSERT INTO `messages` (`id`, `from_user_id`, `to_user_id`, `body`, `created_at`) VALUES ('85', '63', '70', 'Placeat assumenda error suscipit veritatis eos in voluptates. Consequuntur ea et vitae harum qui ipsam expedita. Magni tempore eum non dignissimos. Nulla qui veniam consectetur ratione commodi vel.', '1980-02-24 23:17:00');
INSERT INTO `messages` (`id`, `from_user_id`, `to_user_id`, `body`, `created_at`) VALUES ('86', '19', '11', 'Aut enim provident ut veritatis nobis. Earum tenetur architecto placeat rerum. Sed est id dolor totam excepturi. Ipsa molestias enim fugiat aliquid et animi iusto. Aut deleniti amet enim aut voluptates.', '2023-02-12 13:45:44');
INSERT INTO `messages` (`id`, `from_user_id`, `to_user_id`, `body`, `created_at`) VALUES ('87', '85', '59', 'Asperiores error ullam impedit ut voluptatem sunt. Sapiente aut praesentium quia nobis impedit. Nostrum omnis et harum temporibus eveniet fugit. Culpa sit ut enim est.', '1989-03-24 01:03:51');
INSERT INTO `messages` (`id`, `from_user_id`, `to_user_id`, `body`, `created_at`) VALUES ('88', '9', '98', 'Voluptatem at quidem asperiores autem culpa eos. Et ea saepe quo dolore aut doloremque consectetur nam. Nisi error quo et odit. Velit aut minus error deserunt.', '2013-02-15 01:07:28');
INSERT INTO `messages` (`id`, `from_user_id`, `to_user_id`, `body`, `created_at`) VALUES ('89', '67', '76', 'Consequatur aspernatur ut tenetur quod illo. Tempora fugit atque qui dicta quo aut. Porro laudantium repellat nam quo eum iusto voluptatem nulla. Nam quia ipsam beatae.', '2009-10-12 18:59:29');
INSERT INTO `messages` (`id`, `from_user_id`, `to_user_id`, `body`, `created_at`) VALUES ('90', '61', '9', 'Et saepe quas ipsum repudiandae velit mollitia culpa. Quis dolorem distinctio dolores et esse. Accusantium debitis quo et sed atque accusantium. Illum explicabo exercitationem corrupti molestiae.', '2004-05-20 10:07:30');
INSERT INTO `messages` (`id`, `from_user_id`, `to_user_id`, `body`, `created_at`) VALUES ('91', '94', '75', 'Et ducimus alias nesciunt ipsa earum rerum. Qui maiores odio rerum libero.', '1990-04-09 22:16:54');
INSERT INTO `messages` (`id`, `from_user_id`, `to_user_id`, `body`, `created_at`) VALUES ('92', '35', '82', 'Quia rerum eveniet ducimus harum. Temporibus eius voluptates tempore reiciendis.', '2022-02-06 22:03:13');
INSERT INTO `messages` (`id`, `from_user_id`, `to_user_id`, `body`, `created_at`) VALUES ('93', '70', '28', 'Enim iusto eum impedit quis aliquid et sunt. Aut dolor adipisci a consectetur suscipit officia fugit eum. Officiis nam molestiae consequatur accusantium similique quis illum. Quaerat quidem eligendi qui sit.', '1970-06-14 10:47:07');
INSERT INTO `messages` (`id`, `from_user_id`, `to_user_id`, `body`, `created_at`) VALUES ('94', '24', '50', 'Reprehenderit aut ea aliquid dolore quis molestiae. Rem qui soluta ullam voluptatum perferendis molestiae error. Est ut eveniet explicabo ut eum perspiciatis.', '2000-05-16 15:52:24');
INSERT INTO `messages` (`id`, `from_user_id`, `to_user_id`, `body`, `created_at`) VALUES ('95', '95', '10', 'Ut quia delectus dolor hic necessitatibus. Est sed eaque sed labore hic quam. Consequuntur unde et quaerat nihil similique eum non. Est consequatur asperiores dolorum maxime ipsam. Eaque pariatur maiores quod rerum unde consequuntur ipsam.', '1997-03-01 20:22:37');
INSERT INTO `messages` (`id`, `from_user_id`, `to_user_id`, `body`, `created_at`) VALUES ('96', '70', '34', 'Consectetur et aliquam corrupti molestias ut voluptas tempore enim. Sed reprehenderit corrupti vitae voluptatem. Enim id eveniet soluta et omnis.', '2001-02-15 05:36:55');
INSERT INTO `messages` (`id`, `from_user_id`, `to_user_id`, `body`, `created_at`) VALUES ('97', '70', '68', 'Et ipsa distinctio eum nihil suscipit. Omnis nisi ea ut excepturi cupiditate nobis temporibus et. Dolor est sint suscipit aspernatur sed omnis minima. Ab aspernatur voluptatem et.', '1975-02-21 12:48:20');
INSERT INTO `messages` (`id`, `from_user_id`, `to_user_id`, `body`, `created_at`) VALUES ('98', '95', '20', 'Unde et exercitationem delectus enim dolores. Sunt at minima voluptas quas consequatur natus. Consequatur eos est accusantium ad impedit sapiente. Est non et non sint. Sapiente neque placeat deserunt consequatur.', '1997-11-10 20:39:58');
INSERT INTO `messages` (`id`, `from_user_id`, `to_user_id`, `body`, `created_at`) VALUES ('99', '63', '97', 'Sapiente beatae unde dolor reiciendis. Voluptatibus aut atque dolore. Perspiciatis temporibus magni deserunt. Reiciendis dolores id et quaerat labore.', '1971-07-05 02:29:11');
INSERT INTO `messages` (`id`, `from_user_id`, `to_user_id`, `body`, `created_at`) VALUES ('100', '13', '66', 'Facilis dolor omnis vitae commodi. Vel aut assumenda odio id pariatur ab. Nulla ab id facilis qui praesentium ducimus eum. Quo necessitatibus ducimus soluta dignissimos corporis optio est.', '1974-04-11 03:14:08');


#
# TABLE STRUCTURE FOR: photo_albums
#

DROP TABLE IF EXISTS `photo_albums`;

CREATE TABLE `photo_albums` (
  `id` bigint(20) unsigned NOT NULL AUTO_INCREMENT,
  `name` varchar(255) COLLATE utf8mb4_unicode_ci DEFAULT NULL,
  `user_id` bigint(20) unsigned DEFAULT NULL,
  PRIMARY KEY (`id`),
  UNIQUE KEY `id` (`id`),
  KEY `user_id` (`user_id`),
  CONSTRAINT `photo_albums_ibfk_1` FOREIGN KEY (`user_id`) REFERENCES `users` (`id`) ON DELETE SET NULL ON UPDATE CASCADE
) ENGINE=InnoDB AUTO_INCREMENT=101 DEFAULT CHARSET=utf8mb4 COLLATE=utf8mb4_unicode_ci;

INSERT INTO `photo_albums` (`id`, `name`, `user_id`) VALUES ('1', 'aspernatur', '1');
INSERT INTO `photo_albums` (`id`, `name`, `user_id`) VALUES ('2', 'aut', '2');
INSERT INTO `photo_albums` (`id`, `name`, `user_id`) VALUES ('3', 'perspiciatis', '3');
INSERT INTO `photo_albums` (`id`, `name`, `user_id`) VALUES ('4', 'consequatur', '4');
INSERT INTO `photo_albums` (`id`, `name`, `user_id`) VALUES ('5', 'nesciunt', '5');
INSERT INTO `photo_albums` (`id`, `name`, `user_id`) VALUES ('6', 'vel', '6');
INSERT INTO `photo_albums` (`id`, `name`, `user_id`) VALUES ('7', 'amet', '7');
INSERT INTO `photo_albums` (`id`, `name`, `user_id`) VALUES ('8', 'quo', '8');
INSERT INTO `photo_albums` (`id`, `name`, `user_id`) VALUES ('9', 'atque', '9');
INSERT INTO `photo_albums` (`id`, `name`, `user_id`) VALUES ('10', 'eos', '10');
INSERT INTO `photo_albums` (`id`, `name`, `user_id`) VALUES ('11', 'a', '11');
INSERT INTO `photo_albums` (`id`, `name`, `user_id`) VALUES ('12', 'amet', '12');
INSERT INTO `photo_albums` (`id`, `name`, `user_id`) VALUES ('13', 'magni', '13');
INSERT INTO `photo_albums` (`id`, `name`, `user_id`) VALUES ('14', 'et', '14');
INSERT INTO `photo_albums` (`id`, `name`, `user_id`) VALUES ('15', 'commodi', '15');
INSERT INTO `photo_albums` (`id`, `name`, `user_id`) VALUES ('16', 'dolore', '16');
INSERT INTO `photo_albums` (`id`, `name`, `user_id`) VALUES ('17', 'eaque', '17');
INSERT INTO `photo_albums` (`id`, `name`, `user_id`) VALUES ('18', 'sunt', '18');
INSERT INTO `photo_albums` (`id`, `name`, `user_id`) VALUES ('19', 'cumque', '19');
INSERT INTO `photo_albums` (`id`, `name`, `user_id`) VALUES ('20', 'mollitia', '20');
INSERT INTO `photo_albums` (`id`, `name`, `user_id`) VALUES ('21', 'magnam', '21');
INSERT INTO `photo_albums` (`id`, `name`, `user_id`) VALUES ('22', 'qui', '22');
INSERT INTO `photo_albums` (`id`, `name`, `user_id`) VALUES ('23', 'optio', '23');
INSERT INTO `photo_albums` (`id`, `name`, `user_id`) VALUES ('24', 'quos', '24');
INSERT INTO `photo_albums` (`id`, `name`, `user_id`) VALUES ('25', 'accusantium', '25');
INSERT INTO `photo_albums` (`id`, `name`, `user_id`) VALUES ('26', 'blanditiis', '26');
INSERT INTO `photo_albums` (`id`, `name`, `user_id`) VALUES ('27', 'architecto', '27');
INSERT INTO `photo_albums` (`id`, `name`, `user_id`) VALUES ('28', 'rerum', '28');
INSERT INTO `photo_albums` (`id`, `name`, `user_id`) VALUES ('29', 'odio', '29');
INSERT INTO `photo_albums` (`id`, `name`, `user_id`) VALUES ('30', 'consequuntur', '30');
INSERT INTO `photo_albums` (`id`, `name`, `user_id`) VALUES ('31', 'eveniet', '31');
INSERT INTO `photo_albums` (`id`, `name`, `user_id`) VALUES ('32', 'dolore', '32');
INSERT INTO `photo_albums` (`id`, `name`, `user_id`) VALUES ('33', 'et', '33');
INSERT INTO `photo_albums` (`id`, `name`, `user_id`) VALUES ('34', 'molestias', '34');
INSERT INTO `photo_albums` (`id`, `name`, `user_id`) VALUES ('35', 'suscipit', '35');
INSERT INTO `photo_albums` (`id`, `name`, `user_id`) VALUES ('36', 'earum', '36');
INSERT INTO `photo_albums` (`id`, `name`, `user_id`) VALUES ('37', 'voluptates', '37');
INSERT INTO `photo_albums` (`id`, `name`, `user_id`) VALUES ('38', 'nihil', '38');
INSERT INTO `photo_albums` (`id`, `name`, `user_id`) VALUES ('39', 'laborum', '39');
INSERT INTO `photo_albums` (`id`, `name`, `user_id`) VALUES ('40', 'voluptates', '40');
INSERT INTO `photo_albums` (`id`, `name`, `user_id`) VALUES ('41', 'blanditiis', '41');
INSERT INTO `photo_albums` (`id`, `name`, `user_id`) VALUES ('42', 'qui', '42');
INSERT INTO `photo_albums` (`id`, `name`, `user_id`) VALUES ('43', 'ratione', '43');
INSERT INTO `photo_albums` (`id`, `name`, `user_id`) VALUES ('44', 'voluptate', '44');
INSERT INTO `photo_albums` (`id`, `name`, `user_id`) VALUES ('45', 'quae', '45');
INSERT INTO `photo_albums` (`id`, `name`, `user_id`) VALUES ('46', 'doloribus', '46');
INSERT INTO `photo_albums` (`id`, `name`, `user_id`) VALUES ('47', 'consequatur', '47');
INSERT INTO `photo_albums` (`id`, `name`, `user_id`) VALUES ('48', 'alias', '48');
INSERT INTO `photo_albums` (`id`, `name`, `user_id`) VALUES ('49', 'minima', '49');
INSERT INTO `photo_albums` (`id`, `name`, `user_id`) VALUES ('50', 'quia', '50');
INSERT INTO `photo_albums` (`id`, `name`, `user_id`) VALUES ('51', 'corporis', '51');
INSERT INTO `photo_albums` (`id`, `name`, `user_id`) VALUES ('52', 'consequatur', '52');
INSERT INTO `photo_albums` (`id`, `name`, `user_id`) VALUES ('53', 'debitis', '53');
INSERT INTO `photo_albums` (`id`, `name`, `user_id`) VALUES ('54', 'sit', '54');
INSERT INTO `photo_albums` (`id`, `name`, `user_id`) VALUES ('55', 'voluptate', '55');
INSERT INTO `photo_albums` (`id`, `name`, `user_id`) VALUES ('56', 'sint', '56');
INSERT INTO `photo_albums` (`id`, `name`, `user_id`) VALUES ('57', 'quis', '57');
INSERT INTO `photo_albums` (`id`, `name`, `user_id`) VALUES ('58', 'mollitia', '58');
INSERT INTO `photo_albums` (`id`, `name`, `user_id`) VALUES ('59', 'ipsam', '59');
INSERT INTO `photo_albums` (`id`, `name`, `user_id`) VALUES ('60', 'dolorem', '60');
INSERT INTO `photo_albums` (`id`, `name`, `user_id`) VALUES ('61', 'est', '61');
INSERT INTO `photo_albums` (`id`, `name`, `user_id`) VALUES ('62', 'facilis', '62');
INSERT INTO `photo_albums` (`id`, `name`, `user_id`) VALUES ('63', 'repellendus', '63');
INSERT INTO `photo_albums` (`id`, `name`, `user_id`) VALUES ('64', 'molestiae', '64');
INSERT INTO `photo_albums` (`id`, `name`, `user_id`) VALUES ('65', 'ex', '65');
INSERT INTO `photo_albums` (`id`, `name`, `user_id`) VALUES ('66', 'facere', '66');
INSERT INTO `photo_albums` (`id`, `name`, `user_id`) VALUES ('67', 'doloremque', '67');
INSERT INTO `photo_albums` (`id`, `name`, `user_id`) VALUES ('68', 'architecto', '68');
INSERT INTO `photo_albums` (`id`, `name`, `user_id`) VALUES ('69', 'occaecati', '69');
INSERT INTO `photo_albums` (`id`, `name`, `user_id`) VALUES ('70', 'repellat', '70');
INSERT INTO `photo_albums` (`id`, `name`, `user_id`) VALUES ('71', 'in', '71');
INSERT INTO `photo_albums` (`id`, `name`, `user_id`) VALUES ('72', 'numquam', '72');
INSERT INTO `photo_albums` (`id`, `name`, `user_id`) VALUES ('73', 'modi', '73');
INSERT INTO `photo_albums` (`id`, `name`, `user_id`) VALUES ('74', 'fugit', '74');
INSERT INTO `photo_albums` (`id`, `name`, `user_id`) VALUES ('75', 'quae', '75');
INSERT INTO `photo_albums` (`id`, `name`, `user_id`) VALUES ('76', 'rerum', '76');
INSERT INTO `photo_albums` (`id`, `name`, `user_id`) VALUES ('77', 'totam', '77');
INSERT INTO `photo_albums` (`id`, `name`, `user_id`) VALUES ('78', 'vero', '78');
INSERT INTO `photo_albums` (`id`, `name`, `user_id`) VALUES ('79', 'nam', '79');
INSERT INTO `photo_albums` (`id`, `name`, `user_id`) VALUES ('80', 'molestiae', '80');
INSERT INTO `photo_albums` (`id`, `name`, `user_id`) VALUES ('81', 'est', '81');
INSERT INTO `photo_albums` (`id`, `name`, `user_id`) VALUES ('82', 'accusamus', '82');
INSERT INTO `photo_albums` (`id`, `name`, `user_id`) VALUES ('83', 'tempora', '83');
INSERT INTO `photo_albums` (`id`, `name`, `user_id`) VALUES ('84', 'et', '84');
INSERT INTO `photo_albums` (`id`, `name`, `user_id`) VALUES ('85', 'aut', '85');
INSERT INTO `photo_albums` (`id`, `name`, `user_id`) VALUES ('86', 'et', '86');
INSERT INTO `photo_albums` (`id`, `name`, `user_id`) VALUES ('87', 'deserunt', '87');
INSERT INTO `photo_albums` (`id`, `name`, `user_id`) VALUES ('88', 'asperiores', '88');
INSERT INTO `photo_albums` (`id`, `name`, `user_id`) VALUES ('89', 'fuga', '89');
INSERT INTO `photo_albums` (`id`, `name`, `user_id`) VALUES ('90', 'libero', '90');
INSERT INTO `photo_albums` (`id`, `name`, `user_id`) VALUES ('91', 'quis', '91');
INSERT INTO `photo_albums` (`id`, `name`, `user_id`) VALUES ('92', 'earum', '92');
INSERT INTO `photo_albums` (`id`, `name`, `user_id`) VALUES ('93', 'perferendis', '93');
INSERT INTO `photo_albums` (`id`, `name`, `user_id`) VALUES ('94', 'occaecati', '94');
INSERT INTO `photo_albums` (`id`, `name`, `user_id`) VALUES ('95', 'facilis', '95');
INSERT INTO `photo_albums` (`id`, `name`, `user_id`) VALUES ('96', 'deserunt', '96');
INSERT INTO `photo_albums` (`id`, `name`, `user_id`) VALUES ('97', 'laudantium', '97');
INSERT INTO `photo_albums` (`id`, `name`, `user_id`) VALUES ('98', 'dolorem', '98');
INSERT INTO `photo_albums` (`id`, `name`, `user_id`) VALUES ('99', 'quasi', '99');
INSERT INTO `photo_albums` (`id`, `name`, `user_id`) VALUES ('100', 'similique', '100');


#
# TABLE STRUCTURE FOR: photos
#

DROP TABLE IF EXISTS `photos`;

CREATE TABLE `photos` (
  `id` bigint(20) unsigned NOT NULL AUTO_INCREMENT,
  `album_id` bigint(20) unsigned NOT NULL,
  `media_id` bigint(20) unsigned NOT NULL,
  PRIMARY KEY (`id`),
  KEY `album_id` (`album_id`),
  KEY `media_id` (`media_id`),
  CONSTRAINT `photos_ibfk_1` FOREIGN KEY (`album_id`) REFERENCES `photo_albums` (`id`) ON DELETE CASCADE ON UPDATE CASCADE,
  CONSTRAINT `photos_ibfk_2` FOREIGN KEY (`media_id`) REFERENCES `media` (`id`) ON DELETE CASCADE ON UPDATE CASCADE
) ENGINE=InnoDB AUTO_INCREMENT=101 DEFAULT CHARSET=utf8mb4 COLLATE=utf8mb4_unicode_ci;

INSERT INTO `photos` (`id`, `album_id`, `media_id`) VALUES ('1', '30', '61');
INSERT INTO `photos` (`id`, `album_id`, `media_id`) VALUES ('2', '87', '55');
INSERT INTO `photos` (`id`, `album_id`, `media_id`) VALUES ('3', '80', '73');
INSERT INTO `photos` (`id`, `album_id`, `media_id`) VALUES ('4', '71', '36');
INSERT INTO `photos` (`id`, `album_id`, `media_id`) VALUES ('5', '45', '61');
INSERT INTO `photos` (`id`, `album_id`, `media_id`) VALUES ('6', '60', '4');
INSERT INTO `photos` (`id`, `album_id`, `media_id`) VALUES ('7', '86', '98');
INSERT INTO `photos` (`id`, `album_id`, `media_id`) VALUES ('8', '36', '8');
INSERT INTO `photos` (`id`, `album_id`, `media_id`) VALUES ('9', '84', '3');
INSERT INTO `photos` (`id`, `album_id`, `media_id`) VALUES ('10', '39', '43');
INSERT INTO `photos` (`id`, `album_id`, `media_id`) VALUES ('11', '67', '78');
INSERT INTO `photos` (`id`, `album_id`, `media_id`) VALUES ('12', '37', '35');
INSERT INTO `photos` (`id`, `album_id`, `media_id`) VALUES ('13', '82', '50');
INSERT INTO `photos` (`id`, `album_id`, `media_id`) VALUES ('14', '58', '25');
INSERT INTO `photos` (`id`, `album_id`, `media_id`) VALUES ('15', '60', '90');
INSERT INTO `photos` (`id`, `album_id`, `media_id`) VALUES ('16', '60', '56');
INSERT INTO `photos` (`id`, `album_id`, `media_id`) VALUES ('17', '29', '40');
INSERT INTO `photos` (`id`, `album_id`, `media_id`) VALUES ('18', '57', '3');
INSERT INTO `photos` (`id`, `album_id`, `media_id`) VALUES ('19', '80', '76');
INSERT INTO `photos` (`id`, `album_id`, `media_id`) VALUES ('20', '63', '17');
INSERT INTO `photos` (`id`, `album_id`, `media_id`) VALUES ('21', '97', '7');
INSERT INTO `photos` (`id`, `album_id`, `media_id`) VALUES ('22', '29', '70');
INSERT INTO `photos` (`id`, `album_id`, `media_id`) VALUES ('23', '34', '72');
INSERT INTO `photos` (`id`, `album_id`, `media_id`) VALUES ('24', '63', '63');
INSERT INTO `photos` (`id`, `album_id`, `media_id`) VALUES ('25', '61', '79');
INSERT INTO `photos` (`id`, `album_id`, `media_id`) VALUES ('26', '64', '41');
INSERT INTO `photos` (`id`, `album_id`, `media_id`) VALUES ('27', '52', '31');
INSERT INTO `photos` (`id`, `album_id`, `media_id`) VALUES ('28', '63', '16');
INSERT INTO `photos` (`id`, `album_id`, `media_id`) VALUES ('29', '37', '73');
INSERT INTO `photos` (`id`, `album_id`, `media_id`) VALUES ('30', '1', '42');
INSERT INTO `photos` (`id`, `album_id`, `media_id`) VALUES ('31', '51', '51');
INSERT INTO `photos` (`id`, `album_id`, `media_id`) VALUES ('32', '1', '29');
INSERT INTO `photos` (`id`, `album_id`, `media_id`) VALUES ('33', '77', '45');
INSERT INTO `photos` (`id`, `album_id`, `media_id`) VALUES ('34', '30', '86');
INSERT INTO `photos` (`id`, `album_id`, `media_id`) VALUES ('35', '38', '13');
INSERT INTO `photos` (`id`, `album_id`, `media_id`) VALUES ('36', '93', '9');
INSERT INTO `photos` (`id`, `album_id`, `media_id`) VALUES ('37', '77', '34');
INSERT INTO `photos` (`id`, `album_id`, `media_id`) VALUES ('38', '42', '25');
INSERT INTO `photos` (`id`, `album_id`, `media_id`) VALUES ('39', '29', '36');
INSERT INTO `photos` (`id`, `album_id`, `media_id`) VALUES ('40', '79', '83');
INSERT INTO `photos` (`id`, `album_id`, `media_id`) VALUES ('41', '78', '51');
INSERT INTO `photos` (`id`, `album_id`, `media_id`) VALUES ('42', '86', '23');
INSERT INTO `photos` (`id`, `album_id`, `media_id`) VALUES ('43', '3', '18');
INSERT INTO `photos` (`id`, `album_id`, `media_id`) VALUES ('44', '49', '62');
INSERT INTO `photos` (`id`, `album_id`, `media_id`) VALUES ('45', '54', '87');
INSERT INTO `photos` (`id`, `album_id`, `media_id`) VALUES ('46', '68', '74');
INSERT INTO `photos` (`id`, `album_id`, `media_id`) VALUES ('47', '9', '76');
INSERT INTO `photos` (`id`, `album_id`, `media_id`) VALUES ('48', '17', '78');
INSERT INTO `photos` (`id`, `album_id`, `media_id`) VALUES ('49', '96', '21');
INSERT INTO `photos` (`id`, `album_id`, `media_id`) VALUES ('50', '90', '13');
INSERT INTO `photos` (`id`, `album_id`, `media_id`) VALUES ('51', '92', '5');
INSERT INTO `photos` (`id`, `album_id`, `media_id`) VALUES ('52', '23', '88');
INSERT INTO `photos` (`id`, `album_id`, `media_id`) VALUES ('53', '4', '59');
INSERT INTO `photos` (`id`, `album_id`, `media_id`) VALUES ('54', '64', '57');
INSERT INTO `photos` (`id`, `album_id`, `media_id`) VALUES ('55', '31', '42');
INSERT INTO `photos` (`id`, `album_id`, `media_id`) VALUES ('56', '29', '51');
INSERT INTO `photos` (`id`, `album_id`, `media_id`) VALUES ('57', '9', '74');
INSERT INTO `photos` (`id`, `album_id`, `media_id`) VALUES ('58', '21', '24');
INSERT INTO `photos` (`id`, `album_id`, `media_id`) VALUES ('59', '31', '87');
INSERT INTO `photos` (`id`, `album_id`, `media_id`) VALUES ('60', '7', '10');
INSERT INTO `photos` (`id`, `album_id`, `media_id`) VALUES ('61', '66', '72');
INSERT INTO `photos` (`id`, `album_id`, `media_id`) VALUES ('62', '73', '21');
INSERT INTO `photos` (`id`, `album_id`, `media_id`) VALUES ('63', '5', '97');
INSERT INTO `photos` (`id`, `album_id`, `media_id`) VALUES ('64', '74', '82');
INSERT INTO `photos` (`id`, `album_id`, `media_id`) VALUES ('65', '58', '34');
INSERT INTO `photos` (`id`, `album_id`, `media_id`) VALUES ('66', '11', '13');
INSERT INTO `photos` (`id`, `album_id`, `media_id`) VALUES ('67', '53', '35');
INSERT INTO `photos` (`id`, `album_id`, `media_id`) VALUES ('68', '17', '7');
INSERT INTO `photos` (`id`, `album_id`, `media_id`) VALUES ('69', '1', '65');
INSERT INTO `photos` (`id`, `album_id`, `media_id`) VALUES ('70', '93', '52');
INSERT INTO `photos` (`id`, `album_id`, `media_id`) VALUES ('71', '17', '7');
INSERT INTO `photos` (`id`, `album_id`, `media_id`) VALUES ('72', '65', '54');
INSERT INTO `photos` (`id`, `album_id`, `media_id`) VALUES ('73', '64', '51');
INSERT INTO `photos` (`id`, `album_id`, `media_id`) VALUES ('74', '27', '75');
INSERT INTO `photos` (`id`, `album_id`, `media_id`) VALUES ('75', '19', '87');
INSERT INTO `photos` (`id`, `album_id`, `media_id`) VALUES ('76', '15', '8');
INSERT INTO `photos` (`id`, `album_id`, `media_id`) VALUES ('77', '16', '58');
INSERT INTO `photos` (`id`, `album_id`, `media_id`) VALUES ('78', '23', '58');
INSERT INTO `photos` (`id`, `album_id`, `media_id`) VALUES ('79', '59', '56');
INSERT INTO `photos` (`id`, `album_id`, `media_id`) VALUES ('80', '61', '60');
INSERT INTO `photos` (`id`, `album_id`, `media_id`) VALUES ('81', '75', '62');
INSERT INTO `photos` (`id`, `album_id`, `media_id`) VALUES ('82', '14', '11');
INSERT INTO `photos` (`id`, `album_id`, `media_id`) VALUES ('83', '39', '52');
INSERT INTO `photos` (`id`, `album_id`, `media_id`) VALUES ('84', '50', '11');
INSERT INTO `photos` (`id`, `album_id`, `media_id`) VALUES ('85', '89', '90');
INSERT INTO `photos` (`id`, `album_id`, `media_id`) VALUES ('86', '7', '83');
INSERT INTO `photos` (`id`, `album_id`, `media_id`) VALUES ('87', '1', '70');
INSERT INTO `photos` (`id`, `album_id`, `media_id`) VALUES ('88', '96', '71');
INSERT INTO `photos` (`id`, `album_id`, `media_id`) VALUES ('89', '43', '65');
INSERT INTO `photos` (`id`, `album_id`, `media_id`) VALUES ('90', '43', '5');
INSERT INTO `photos` (`id`, `album_id`, `media_id`) VALUES ('91', '19', '46');
INSERT INTO `photos` (`id`, `album_id`, `media_id`) VALUES ('92', '26', '51');
INSERT INTO `photos` (`id`, `album_id`, `media_id`) VALUES ('93', '42', '23');
INSERT INTO `photos` (`id`, `album_id`, `media_id`) VALUES ('94', '21', '70');
INSERT INTO `photos` (`id`, `album_id`, `media_id`) VALUES ('95', '33', '85');
INSERT INTO `photos` (`id`, `album_id`, `media_id`) VALUES ('96', '4', '37');
INSERT INTO `photos` (`id`, `album_id`, `media_id`) VALUES ('97', '22', '80');
INSERT INTO `photos` (`id`, `album_id`, `media_id`) VALUES ('98', '36', '68');
INSERT INTO `photos` (`id`, `album_id`, `media_id`) VALUES ('99', '25', '13');
INSERT INTO `photos` (`id`, `album_id`, `media_id`) VALUES ('100', '15', '18');


#
# TABLE STRUCTURE FOR: profiles
#

DROP TABLE IF EXISTS `profiles`;

CREATE TABLE `profiles` (
  `user_id` bigint(20) unsigned NOT NULL AUTO_INCREMENT,
  `gender` char(1) COLLATE utf8mb4_unicode_ci DEFAULT NULL,
  `birthday` date DEFAULT NULL,
  `photo_id` bigint(20) unsigned DEFAULT NULL,
  `created_at` datetime DEFAULT current_timestamp(),
  `hometown` varchar(100) COLLATE utf8mb4_unicode_ci DEFAULT NULL,
  PRIMARY KEY (`user_id`),
  KEY `fk_photo_id` (`photo_id`),
  CONSTRAINT `fk_photo_id` FOREIGN KEY (`photo_id`) REFERENCES `photos` (`id`) ON DELETE SET NULL ON UPDATE CASCADE,
  CONSTRAINT `fk_user_id` FOREIGN KEY (`user_id`) REFERENCES `users` (`id`) ON DELETE CASCADE ON UPDATE CASCADE
) ENGINE=InnoDB AUTO_INCREMENT=101 DEFAULT CHARSET=utf8mb4 COLLATE=utf8mb4_unicode_ci;

INSERT INTO `profiles` (`user_id`, `gender`, `birthday`, `photo_id`, `created_at`, `hometown`) VALUES ('1', 'm', '1972-03-23', '1', '1976-10-10 16:52:58', 'East Chet');
INSERT INTO `profiles` (`user_id`, `gender`, `birthday`, `photo_id`, `created_at`, `hometown`) VALUES ('2', 'f', '1994-04-10', '2', '2020-11-06 21:33:27', 'North Sammiestad');
INSERT INTO `profiles` (`user_id`, `gender`, `birthday`, `photo_id`, `created_at`, `hometown`) VALUES ('3', 'f', '2012-02-02', '3', '1978-11-05 13:04:04', 'South Tiara');
INSERT INTO `profiles` (`user_id`, `gender`, `birthday`, `photo_id`, `created_at`, `hometown`) VALUES ('4', 'm', '1972-05-12', '4', '2011-07-20 07:44:16', 'New Breana');
INSERT INTO `profiles` (`user_id`, `gender`, `birthday`, `photo_id`, `created_at`, `hometown`) VALUES ('5', 'f', '1991-04-19', '5', '2003-12-16 02:03:51', 'South Hortense');
INSERT INTO `profiles` (`user_id`, `gender`, `birthday`, `photo_id`, `created_at`, `hometown`) VALUES ('6', 'f', '2017-11-04', '6', '1994-04-28 14:39:20', 'East Yvetteshire');
INSERT INTO `profiles` (`user_id`, `gender`, `birthday`, `photo_id`, `created_at`, `hometown`) VALUES ('7', 'f', '1975-09-08', '7', '1996-07-25 17:36:46', 'Lake Adeline');
INSERT INTO `profiles` (`user_id`, `gender`, `birthday`, `photo_id`, `created_at`, `hometown`) VALUES ('8', 'm', '1988-03-26', '8', '1991-11-27 16:14:41', 'East Cielo');
INSERT INTO `profiles` (`user_id`, `gender`, `birthday`, `photo_id`, `created_at`, `hometown`) VALUES ('9', 'f', '1985-05-20', '9', '1975-12-13 13:22:55', 'Maudhaven');
INSERT INTO `profiles` (`user_id`, `gender`, `birthday`, `photo_id`, `created_at`, `hometown`) VALUES ('10', 'f', '1990-01-27', '10', '2016-09-17 07:54:11', 'Lake Javon');
INSERT INTO `profiles` (`user_id`, `gender`, `birthday`, `photo_id`, `created_at`, `hometown`) VALUES ('11', 'f', '2002-08-29', '11', '1987-06-27 19:46:17', 'Reinholdside');
INSERT INTO `profiles` (`user_id`, `gender`, `birthday`, `photo_id`, `created_at`, `hometown`) VALUES ('12', 'm', '2008-08-04', '12', '1976-01-11 02:57:42', 'Isabelland');
INSERT INTO `profiles` (`user_id`, `gender`, `birthday`, `photo_id`, `created_at`, `hometown`) VALUES ('13', 'f', '1975-03-08', '13', '2012-03-19 04:34:06', 'Lake Thad');
INSERT INTO `profiles` (`user_id`, `gender`, `birthday`, `photo_id`, `created_at`, `hometown`) VALUES ('14', 'f', '1989-04-20', '14', '1989-06-29 17:55:27', 'Port Rex');
INSERT INTO `profiles` (`user_id`, `gender`, `birthday`, `photo_id`, `created_at`, `hometown`) VALUES ('15', 'm', '2000-05-27', '15', '1973-07-11 13:05:02', 'New Randallburgh');
INSERT INTO `profiles` (`user_id`, `gender`, `birthday`, `photo_id`, `created_at`, `hometown`) VALUES ('16', 'm', '1970-08-10', '16', '1979-05-07 14:39:51', 'Armandoville');
INSERT INTO `profiles` (`user_id`, `gender`, `birthday`, `photo_id`, `created_at`, `hometown`) VALUES ('17', 'm', '1981-03-27', '17', '1982-11-12 14:08:15', 'East Concepcionfort');
INSERT INTO `profiles` (`user_id`, `gender`, `birthday`, `photo_id`, `created_at`, `hometown`) VALUES ('18', 'm', '1997-02-22', '18', '1993-06-10 21:11:50', 'Rohanhaven');
INSERT INTO `profiles` (`user_id`, `gender`, `birthday`, `photo_id`, `created_at`, `hometown`) VALUES ('19', 'f', '1999-12-20', '19', '2010-10-10 20:51:34', 'West Jesus');
INSERT INTO `profiles` (`user_id`, `gender`, `birthday`, `photo_id`, `created_at`, `hometown`) VALUES ('20', 'm', '1995-06-07', '20', '2010-02-28 07:52:23', 'West Amyaview');
INSERT INTO `profiles` (`user_id`, `gender`, `birthday`, `photo_id`, `created_at`, `hometown`) VALUES ('21', 'f', '1977-11-01', '21', '1988-06-01 22:37:05', 'South Daisha');
INSERT INTO `profiles` (`user_id`, `gender`, `birthday`, `photo_id`, `created_at`, `hometown`) VALUES ('22', 'f', '1973-02-22', '22', '1984-12-13 07:49:36', 'North Angelburgh');
INSERT INTO `profiles` (`user_id`, `gender`, `birthday`, `photo_id`, `created_at`, `hometown`) VALUES ('23', 'f', '2020-05-26', '23', '1974-09-26 21:49:35', 'Lake Winstonberg');
INSERT INTO `profiles` (`user_id`, `gender`, `birthday`, `photo_id`, `created_at`, `hometown`) VALUES ('24', 'f', '1972-12-01', '24', '2008-07-26 08:30:40', 'South Aniyahchester');
INSERT INTO `profiles` (`user_id`, `gender`, `birthday`, `photo_id`, `created_at`, `hometown`) VALUES ('25', 'f', '2002-11-21', '25', '1994-04-01 01:14:14', 'East Elroyton');
INSERT INTO `profiles` (`user_id`, `gender`, `birthday`, `photo_id`, `created_at`, `hometown`) VALUES ('26', 'm', '1979-05-06', '26', '2016-08-24 21:45:23', 'East Berneice');
INSERT INTO `profiles` (`user_id`, `gender`, `birthday`, `photo_id`, `created_at`, `hometown`) VALUES ('27', 'm', '1991-02-14', '27', '1974-12-15 16:24:27', 'Chadberg');
INSERT INTO `profiles` (`user_id`, `gender`, `birthday`, `photo_id`, `created_at`, `hometown`) VALUES ('28', 'm', '2020-01-04', '28', '1989-06-02 01:14:49', 'Xanderview');
INSERT INTO `profiles` (`user_id`, `gender`, `birthday`, `photo_id`, `created_at`, `hometown`) VALUES ('29', 'f', '1987-02-16', '29', '1999-02-18 03:19:38', 'Lake Erika');
INSERT INTO `profiles` (`user_id`, `gender`, `birthday`, `photo_id`, `created_at`, `hometown`) VALUES ('30', 'f', '2008-09-14', '30', '1981-05-05 10:20:03', 'Ryderport');
INSERT INTO `profiles` (`user_id`, `gender`, `birthday`, `photo_id`, `created_at`, `hometown`) VALUES ('31', 'm', '1994-11-21', '31', '2020-10-14 02:37:17', 'South Bufordfort');
INSERT INTO `profiles` (`user_id`, `gender`, `birthday`, `photo_id`, `created_at`, `hometown`) VALUES ('32', 'f', '1971-11-04', '32', '2008-07-16 15:02:35', 'South Telly');
INSERT INTO `profiles` (`user_id`, `gender`, `birthday`, `photo_id`, `created_at`, `hometown`) VALUES ('33', 'f', '2009-03-11', '33', '1975-04-11 05:17:11', 'East Donna');
INSERT INTO `profiles` (`user_id`, `gender`, `birthday`, `photo_id`, `created_at`, `hometown`) VALUES ('34', 'f', '2016-02-24', '34', '2022-12-25 03:51:43', 'Port Alison');
INSERT INTO `profiles` (`user_id`, `gender`, `birthday`, `photo_id`, `created_at`, `hometown`) VALUES ('35', 'm', '2004-04-16', '35', '2017-01-08 07:28:33', 'Madalinetown');
INSERT INTO `profiles` (`user_id`, `gender`, `birthday`, `photo_id`, `created_at`, `hometown`) VALUES ('36', 'm', '1970-07-15', '36', '2017-01-02 02:49:27', 'New Whitney');
INSERT INTO `profiles` (`user_id`, `gender`, `birthday`, `photo_id`, `created_at`, `hometown`) VALUES ('37', 'f', '1986-11-27', '37', '2003-07-01 01:48:44', 'Lake Christside');
INSERT INTO `profiles` (`user_id`, `gender`, `birthday`, `photo_id`, `created_at`, `hometown`) VALUES ('38', 'f', '2015-02-20', '38', '1990-09-15 04:36:59', 'Germantown');
INSERT INTO `profiles` (`user_id`, `gender`, `birthday`, `photo_id`, `created_at`, `hometown`) VALUES ('39', 'f', '1985-09-07', '39', '2001-01-13 18:40:44', 'Verlachester');
INSERT INTO `profiles` (`user_id`, `gender`, `birthday`, `photo_id`, `created_at`, `hometown`) VALUES ('40', 'f', '2007-03-13', '40', '2021-11-21 11:09:50', 'Durganborough');
INSERT INTO `profiles` (`user_id`, `gender`, `birthday`, `photo_id`, `created_at`, `hometown`) VALUES ('41', 'm', '2000-09-25', '41', '2003-08-10 03:19:51', 'Rogahnland');
INSERT INTO `profiles` (`user_id`, `gender`, `birthday`, `photo_id`, `created_at`, `hometown`) VALUES ('42', 'f', '1973-06-24', '42', '1990-06-06 01:26:18', 'New Wayneside');
INSERT INTO `profiles` (`user_id`, `gender`, `birthday`, `photo_id`, `created_at`, `hometown`) VALUES ('43', 'f', '2019-07-27', '43', '1993-12-11 03:03:27', 'Germanburgh');
INSERT INTO `profiles` (`user_id`, `gender`, `birthday`, `photo_id`, `created_at`, `hometown`) VALUES ('44', 'm', '1984-09-04', '44', '1982-05-18 10:40:47', 'New Carmella');
INSERT INTO `profiles` (`user_id`, `gender`, `birthday`, `photo_id`, `created_at`, `hometown`) VALUES ('45', 'm', '2020-03-06', '45', '1997-03-03 20:01:26', 'Marvintown');
INSERT INTO `profiles` (`user_id`, `gender`, `birthday`, `photo_id`, `created_at`, `hometown`) VALUES ('46', 'm', '2014-10-22', '46', '1989-10-24 04:57:48', 'Windlerport');
INSERT INTO `profiles` (`user_id`, `gender`, `birthday`, `photo_id`, `created_at`, `hometown`) VALUES ('47', 'f', '1977-07-30', '47', '1991-10-20 21:44:36', 'Deshaunshire');
INSERT INTO `profiles` (`user_id`, `gender`, `birthday`, `photo_id`, `created_at`, `hometown`) VALUES ('48', 'f', '1996-04-08', '48', '1976-01-03 03:14:23', 'New Larissa');
INSERT INTO `profiles` (`user_id`, `gender`, `birthday`, `photo_id`, `created_at`, `hometown`) VALUES ('49', 'f', '2002-03-19', '49', '1987-02-03 10:21:24', 'Lake Kaileymouth');
INSERT INTO `profiles` (`user_id`, `gender`, `birthday`, `photo_id`, `created_at`, `hometown`) VALUES ('50', 'f', '1995-03-05', '50', '2012-08-03 17:22:49', 'West Shaniashire');
INSERT INTO `profiles` (`user_id`, `gender`, `birthday`, `photo_id`, `created_at`, `hometown`) VALUES ('51', 'm', '1986-06-23', '51', '1981-07-10 20:33:51', 'Dahliashire');
INSERT INTO `profiles` (`user_id`, `gender`, `birthday`, `photo_id`, `created_at`, `hometown`) VALUES ('52', 'f', '1977-05-15', '52', '1988-05-09 21:51:36', 'Susanaview');
INSERT INTO `profiles` (`user_id`, `gender`, `birthday`, `photo_id`, `created_at`, `hometown`) VALUES ('53', 'm', '2014-03-30', '53', '1991-12-30 07:03:37', 'Lake Shannabury');
INSERT INTO `profiles` (`user_id`, `gender`, `birthday`, `photo_id`, `created_at`, `hometown`) VALUES ('54', 'm', '2002-03-02', '54', '1976-01-26 00:16:41', 'North Brendon');
INSERT INTO `profiles` (`user_id`, `gender`, `birthday`, `photo_id`, `created_at`, `hometown`) VALUES ('55', 'f', '1979-07-02', '55', '1992-05-02 17:45:29', 'South Arnoldborough');
INSERT INTO `profiles` (`user_id`, `gender`, `birthday`, `photo_id`, `created_at`, `hometown`) VALUES ('56', 'f', '2008-10-31', '56', '2007-09-14 09:34:50', 'Maiyahaven');
INSERT INTO `profiles` (`user_id`, `gender`, `birthday`, `photo_id`, `created_at`, `hometown`) VALUES ('57', 'f', '1991-11-14', '57', '1984-10-08 14:59:05', 'Bennieland');
INSERT INTO `profiles` (`user_id`, `gender`, `birthday`, `photo_id`, `created_at`, `hometown`) VALUES ('58', 'f', '1992-05-15', '58', '1972-10-08 13:30:22', 'South Alyce');
INSERT INTO `profiles` (`user_id`, `gender`, `birthday`, `photo_id`, `created_at`, `hometown`) VALUES ('59', 'f', '1982-06-23', '59', '1978-11-29 23:44:36', 'Chesleytown');
INSERT INTO `profiles` (`user_id`, `gender`, `birthday`, `photo_id`, `created_at`, `hometown`) VALUES ('60', 'f', '1987-11-15', '60', '1988-12-07 13:58:52', 'East Oren');
INSERT INTO `profiles` (`user_id`, `gender`, `birthday`, `photo_id`, `created_at`, `hometown`) VALUES ('61', 'f', '2016-09-05', '61', '2005-05-04 07:25:39', 'Reingerside');
INSERT INTO `profiles` (`user_id`, `gender`, `birthday`, `photo_id`, `created_at`, `hometown`) VALUES ('62', 'm', '2006-03-27', '62', '1991-12-29 04:40:22', 'Miloland');
INSERT INTO `profiles` (`user_id`, `gender`, `birthday`, `photo_id`, `created_at`, `hometown`) VALUES ('63', 'm', '1992-11-16', '63', '1982-07-05 12:28:15', 'South Friedaberg');
INSERT INTO `profiles` (`user_id`, `gender`, `birthday`, `photo_id`, `created_at`, `hometown`) VALUES ('64', 'f', '2003-10-28', '64', '2002-10-30 17:01:01', 'Chazchester');
INSERT INTO `profiles` (`user_id`, `gender`, `birthday`, `photo_id`, `created_at`, `hometown`) VALUES ('65', 'm', '1971-02-16', '65', '2020-04-21 10:34:40', 'Yostville');
INSERT INTO `profiles` (`user_id`, `gender`, `birthday`, `photo_id`, `created_at`, `hometown`) VALUES ('66', 'm', '1996-04-08', '66', '2019-07-05 10:37:57', 'New Adrianland');
INSERT INTO `profiles` (`user_id`, `gender`, `birthday`, `photo_id`, `created_at`, `hometown`) VALUES ('67', 'f', '2008-06-12', '67', '2013-03-25 18:19:20', 'Port Trey');
INSERT INTO `profiles` (`user_id`, `gender`, `birthday`, `photo_id`, `created_at`, `hometown`) VALUES ('68', 'f', '1998-04-03', '68', '2011-02-20 18:57:56', 'O\'Keefeton');
INSERT INTO `profiles` (`user_id`, `gender`, `birthday`, `photo_id`, `created_at`, `hometown`) VALUES ('69', 'f', '1982-04-09', '69', '1979-09-05 03:35:58', 'Rashadmouth');
INSERT INTO `profiles` (`user_id`, `gender`, `birthday`, `photo_id`, `created_at`, `hometown`) VALUES ('70', 'm', '1980-02-03', '70', '1988-10-22 06:54:39', 'Johnsborough');
INSERT INTO `profiles` (`user_id`, `gender`, `birthday`, `photo_id`, `created_at`, `hometown`) VALUES ('71', 'f', '1985-03-20', '71', '1996-06-04 20:25:00', 'East Darrinburgh');
INSERT INTO `profiles` (`user_id`, `gender`, `birthday`, `photo_id`, `created_at`, `hometown`) VALUES ('72', 'f', '2021-08-05', '72', '1971-08-17 19:25:15', 'Bentonborough');
INSERT INTO `profiles` (`user_id`, `gender`, `birthday`, `photo_id`, `created_at`, `hometown`) VALUES ('73', 'm', '2014-11-23', '73', '1991-04-07 08:08:39', 'Port Lexus');
INSERT INTO `profiles` (`user_id`, `gender`, `birthday`, `photo_id`, `created_at`, `hometown`) VALUES ('74', 'm', '1994-08-20', '74', '2016-10-23 04:54:01', 'Pacochaville');
INSERT INTO `profiles` (`user_id`, `gender`, `birthday`, `photo_id`, `created_at`, `hometown`) VALUES ('75', 'm', '1977-02-16', '75', '2020-08-12 06:17:34', 'Schinnerside');
INSERT INTO `profiles` (`user_id`, `gender`, `birthday`, `photo_id`, `created_at`, `hometown`) VALUES ('76', 'f', '1990-04-23', '76', '1984-08-09 22:45:48', 'North Jeramymouth');
INSERT INTO `profiles` (`user_id`, `gender`, `birthday`, `photo_id`, `created_at`, `hometown`) VALUES ('77', 'm', '1996-10-06', '77', '2013-10-25 23:53:42', 'Grahamfurt');
INSERT INTO `profiles` (`user_id`, `gender`, `birthday`, `photo_id`, `created_at`, `hometown`) VALUES ('78', 'm', '2021-01-14', '78', '1981-02-13 03:15:43', 'South Laron');
INSERT INTO `profiles` (`user_id`, `gender`, `birthday`, `photo_id`, `created_at`, `hometown`) VALUES ('79', 'm', '2000-08-20', '79', '1975-09-24 08:37:08', 'New Brianmouth');
INSERT INTO `profiles` (`user_id`, `gender`, `birthday`, `photo_id`, `created_at`, `hometown`) VALUES ('80', 'f', '2015-10-17', '80', '2013-03-25 21:37:59', 'Lake Edafort');
INSERT INTO `profiles` (`user_id`, `gender`, `birthday`, `photo_id`, `created_at`, `hometown`) VALUES ('81', 'm', '2010-01-27', '81', '1985-05-28 22:29:10', 'Port Sadyeside');
INSERT INTO `profiles` (`user_id`, `gender`, `birthday`, `photo_id`, `created_at`, `hometown`) VALUES ('82', 'm', '2019-03-03', '82', '1991-09-04 15:16:41', 'West Yasmineside');
INSERT INTO `profiles` (`user_id`, `gender`, `birthday`, `photo_id`, `created_at`, `hometown`) VALUES ('83', 'm', '1991-04-05', '83', '1997-03-31 19:48:43', 'East Merleburgh');
INSERT INTO `profiles` (`user_id`, `gender`, `birthday`, `photo_id`, `created_at`, `hometown`) VALUES ('84', 'm', '2009-12-24', '84', '1995-08-27 19:19:46', 'Abdielside');
INSERT INTO `profiles` (`user_id`, `gender`, `birthday`, `photo_id`, `created_at`, `hometown`) VALUES ('85', 'm', '2015-01-21', '85', '1977-11-06 01:21:25', 'Haleighberg');
INSERT INTO `profiles` (`user_id`, `gender`, `birthday`, `photo_id`, `created_at`, `hometown`) VALUES ('86', 'f', '1993-08-08', '86', '2018-01-21 01:00:56', 'Evansberg');
INSERT INTO `profiles` (`user_id`, `gender`, `birthday`, `photo_id`, `created_at`, `hometown`) VALUES ('87', 'f', '1996-04-12', '87', '2022-02-01 07:48:17', 'South Maynard');
INSERT INTO `profiles` (`user_id`, `gender`, `birthday`, `photo_id`, `created_at`, `hometown`) VALUES ('88', 'm', '1997-10-24', '88', '1995-07-14 05:44:23', 'Clovismouth');
INSERT INTO `profiles` (`user_id`, `gender`, `birthday`, `photo_id`, `created_at`, `hometown`) VALUES ('89', 'm', '2020-12-03', '89', '1976-11-21 19:19:47', 'West Anissaton');
INSERT INTO `profiles` (`user_id`, `gender`, `birthday`, `photo_id`, `created_at`, `hometown`) VALUES ('90', 'f', '2008-04-27', '90', '2021-06-19 07:17:44', 'North Eladio');
INSERT INTO `profiles` (`user_id`, `gender`, `birthday`, `photo_id`, `created_at`, `hometown`) VALUES ('91', 'f', '2001-02-11', '91', '2021-10-19 20:05:21', 'Guiseppeville');
INSERT INTO `profiles` (`user_id`, `gender`, `birthday`, `photo_id`, `created_at`, `hometown`) VALUES ('92', 'f', '2015-07-14', '92', '1986-05-23 07:17:46', 'South Gabrielleport');
INSERT INTO `profiles` (`user_id`, `gender`, `birthday`, `photo_id`, `created_at`, `hometown`) VALUES ('93', 'm', '1991-07-29', '93', '1971-10-24 03:43:26', 'Boganburgh');
INSERT INTO `profiles` (`user_id`, `gender`, `birthday`, `photo_id`, `created_at`, `hometown`) VALUES ('94', 'm', '1987-07-20', '94', '1996-06-24 18:19:46', 'Streichfurt');
INSERT INTO `profiles` (`user_id`, `gender`, `birthday`, `photo_id`, `created_at`, `hometown`) VALUES ('95', 'f', '2003-02-28', '95', '1993-04-10 15:39:32', 'Alannamouth');
INSERT INTO `profiles` (`user_id`, `gender`, `birthday`, `photo_id`, `created_at`, `hometown`) VALUES ('96', 'f', '2017-11-10', '96', '2005-02-04 20:16:50', 'North Cordie');
INSERT INTO `profiles` (`user_id`, `gender`, `birthday`, `photo_id`, `created_at`, `hometown`) VALUES ('97', 'm', '1974-02-18', '97', '2019-10-12 06:19:47', 'Danikahaven');
INSERT INTO `profiles` (`user_id`, `gender`, `birthday`, `photo_id`, `created_at`, `hometown`) VALUES ('98', 'm', '1994-09-08', '98', '2015-01-31 11:28:18', 'East Mateomouth');
INSERT INTO `profiles` (`user_id`, `gender`, `birthday`, `photo_id`, `created_at`, `hometown`) VALUES ('99', 'f', '1998-08-18', '99', '2002-05-12 23:18:28', 'West Anibalville');
INSERT INTO `profiles` (`user_id`, `gender`, `birthday`, `photo_id`, `created_at`, `hometown`) VALUES ('100', 'm', '1982-01-20', '100', '1977-08-20 03:22:06', 'New Dejonberg');


#
# TABLE STRUCTURE FOR: users
#

DROP TABLE IF EXISTS `users`;

CREATE TABLE `users` (
  `id` bigint(20) unsigned NOT NULL AUTO_INCREMENT,
  `firstname` varchar(100) COLLATE utf8mb4_unicode_ci DEFAULT NULL,
  `lastname` varchar(100) COLLATE utf8mb4_unicode_ci DEFAULT NULL COMMENT '',
  `email` varchar(100) COLLATE utf8mb4_unicode_ci DEFAULT NULL,
  `password_hash` varchar(100) COLLATE utf8mb4_unicode_ci DEFAULT NULL,
  `phone` bigint(20) DEFAULT NULL,
  `is_deleted` bit(1) DEFAULT b'0',
  PRIMARY KEY (`id`),
  UNIQUE KEY `email` (`email`),
  KEY `users_firstname_lastname_idx` (`firstname`,`lastname`)
) ENGINE=InnoDB AUTO_INCREMENT=101 DEFAULT CHARSET=utf8mb4 COLLATE=utf8mb4_unicode_ci;

INSERT INTO `users` (`id`, `firstname`, `lastname`, `email`, `password_hash`, `phone`, `is_deleted`) VALUES ('1', 'Mathias', 'Hyatt', 'yratke@example.net', 'c0cd74b2548c27848ca7f4cbeb35b4e38e82f96c', '9962741562', '0');
INSERT INTO `users` (`id`, `firstname`, `lastname`, `email`, `password_hash`, `phone`, `is_deleted`) VALUES ('2', 'Horacio', 'Nader', 'arielle35@example.net', 'b552dac5f8679d7cd4448ec247e791651441f8a9', '9290737865', '0');
INSERT INTO `users` (`id`, `firstname`, `lastname`, `email`, `password_hash`, `phone`, `is_deleted`) VALUES ('3', 'Quinton', 'Mante', 'emerald.west@example.com', 'b47816e21e02e4bca8e18a28c921f3ccad929072', '9983926136', '1');
INSERT INTO `users` (`id`, `firstname`, `lastname`, `email`, `password_hash`, `phone`, `is_deleted`) VALUES ('4', 'Romaine', 'Kling', 'edwardo.runte@example.net', '26dc97517d170674eadadf3c720de9558cd111c3', '9361096206', '0');
INSERT INTO `users` (`id`, `firstname`, `lastname`, `email`, `password_hash`, `phone`, `is_deleted`) VALUES ('5', 'Miguel', 'Cartwright', 'ymurphy@example.net', 'ec216c608bb4cbe1414939ac1aa37202961d1eba', '9167855682', '0');
INSERT INTO `users` (`id`, `firstname`, `lastname`, `email`, `password_hash`, `phone`, `is_deleted`) VALUES ('6', 'Genesis', 'Kozey', 'o\'reilly.humberto@example.org', '0d1100f8a75f08b9064651b95f8a63192e004eb5', '9836600015', '1');
INSERT INTO `users` (`id`, `firstname`, `lastname`, `email`, `password_hash`, `phone`, `is_deleted`) VALUES ('7', 'Josiah', 'Skiles', 'dino.mitchell@example.com', 'e76994fb782141adcaadb4106f758d7231f74880', '9772885302', '1');
INSERT INTO `users` (`id`, `firstname`, `lastname`, `email`, `password_hash`, `phone`, `is_deleted`) VALUES ('8', 'Breana', 'Robel', 'lexie.ziemann@example.net', 'a34a411b9a83184bb28d5557af098ce168cd1fec', '9808285674', '0');
INSERT INTO `users` (`id`, `firstname`, `lastname`, `email`, `password_hash`, `phone`, `is_deleted`) VALUES ('9', 'Melvin', 'Collins', 'leo.rodriguez@example.com', 'a16b120543fd273d355631a3815de107ca551080', '9918144820', '1');
INSERT INTO `users` (`id`, `firstname`, `lastname`, `email`, `password_hash`, `phone`, `is_deleted`) VALUES ('10', 'Vita', 'Barton', 'jazmin20@example.org', 'a06182e95361b20c2b377992f0b162ab9b1235dd', '9980769299', '0');
INSERT INTO `users` (`id`, `firstname`, `lastname`, `email`, `password_hash`, `phone`, `is_deleted`) VALUES ('11', 'Lucas', 'Kuhn', 'ezequiel.pagac@example.com', '6420288f3b89f8814172e2163366fb0b559a1541', '9438809233', '1');
INSERT INTO `users` (`id`, `firstname`, `lastname`, `email`, `password_hash`, `phone`, `is_deleted`) VALUES ('12', 'Celestino', 'Huels', 'lavinia27@example.org', 'ae75aa1801805951862aabba479110f538bd0353', '9917290710', '1');
INSERT INTO `users` (`id`, `firstname`, `lastname`, `email`, `password_hash`, `phone`, `is_deleted`) VALUES ('13', 'Paris', 'Brakus', 'reuben.dach@example.net', '49945e99dd9adb342b6025eabc5a3a12ba683258', '9893000236', '0');
INSERT INTO `users` (`id`, `firstname`, `lastname`, `email`, `password_hash`, `phone`, `is_deleted`) VALUES ('14', 'Mariam', 'Kautzer', 'cwill@example.org', '4da5a27cdcae7ec22338ce53f6213d648d3323d5', '9119407262', '0');
INSERT INTO `users` (`id`, `firstname`, `lastname`, `email`, `password_hash`, `phone`, `is_deleted`) VALUES ('15', 'Annette', 'Tillman', 'effertz.lupe@example.net', 'ed926fd7043d275a7c34a4df4565fc8c2732bacc', '9342602241', '1');
INSERT INTO `users` (`id`, `firstname`, `lastname`, `email`, `password_hash`, `phone`, `is_deleted`) VALUES ('16', 'Antonio', 'Williamson', 'ckuvalis@example.net', '4338cebd55a9dfaccc4a863f07f492f9d81cbdf3', '9093019008', '1');
INSERT INTO `users` (`id`, `firstname`, `lastname`, `email`, `password_hash`, `phone`, `is_deleted`) VALUES ('17', 'Wayne', 'Dicki', 'vandervort.joany@example.org', 'dcc94d687780cd757f3c9c5beffdabf6797085cd', '9340129223', '1');
INSERT INTO `users` (`id`, `firstname`, `lastname`, `email`, `password_hash`, `phone`, `is_deleted`) VALUES ('18', 'Rollin', 'Fisher', 'kkoss@example.com', '15a3853534e20dfe1db52b21c0b9662001c546e6', '9547801640', '1');
INSERT INTO `users` (`id`, `firstname`, `lastname`, `email`, `password_hash`, `phone`, `is_deleted`) VALUES ('19', 'Rozella', 'Bins', 'elinore.doyle@example.org', '48a17b1e97cb8de0b2e501bfb17d126816169b05', '9801150606', '0');
INSERT INTO `users` (`id`, `firstname`, `lastname`, `email`, `password_hash`, `phone`, `is_deleted`) VALUES ('20', 'Dora', 'Keebler', 'torp.ursula@example.net', 'c364b9aca3c583e9f2eea96d45082e10dfd7f5fc', '9384023332', '0');
INSERT INTO `users` (`id`, `firstname`, `lastname`, `email`, `password_hash`, `phone`, `is_deleted`) VALUES ('21', 'Will', 'Klein', 'nedra.bahringer@example.org', 'bceb6a6d0a3aa3e232c5566557a322ee8bb3323c', '9919575291', '0');
INSERT INTO `users` (`id`, `firstname`, `lastname`, `email`, `password_hash`, `phone`, `is_deleted`) VALUES ('22', 'Ahmad', 'Rempel', 'ejacobson@example.com', '11dd617f51cfdb74b7e3da6bdfa4c4e7dca83f75', '9748114958', '0');
INSERT INTO `users` (`id`, `firstname`, `lastname`, `email`, `password_hash`, `phone`, `is_deleted`) VALUES ('23', 'Harrison', 'Dickinson', 'jedediah93@example.org', 'cbbec406ceefd4f29524832d299a7d51b67eca70', '9207210165', '0');
INSERT INTO `users` (`id`, `firstname`, `lastname`, `email`, `password_hash`, `phone`, `is_deleted`) VALUES ('24', 'Virginie', 'Cremin', 'wilhelmine62@example.net', 'fc572aa53808b0fec57335e1c1d3de49b866780f', '9164521401', '1');
INSERT INTO `users` (`id`, `firstname`, `lastname`, `email`, `password_hash`, `phone`, `is_deleted`) VALUES ('25', 'Emilio', 'Luettgen', 'boyd.vandervort@example.com', '8c901c03c36c1757ae53a5922bf2298213cc41f2', '9410272000', '1');
INSERT INTO `users` (`id`, `firstname`, `lastname`, `email`, `password_hash`, `phone`, `is_deleted`) VALUES ('26', 'Elna', 'Murray', 'nayeli70@example.org', 'db8a094d3d2ce577f91dfd6610fef428afad8654', '9353819818', '1');
INSERT INTO `users` (`id`, `firstname`, `lastname`, `email`, `password_hash`, `phone`, `is_deleted`) VALUES ('27', 'Wanda', 'Olson', 'dlangosh@example.com', 'b85847b9dcaecce4d89b58ed6badf11dcc66dc68', '9503546241', '1');
INSERT INTO `users` (`id`, `firstname`, `lastname`, `email`, `password_hash`, `phone`, `is_deleted`) VALUES ('28', 'Chet', 'Cummerata', 'dwight.leffler@example.com', '693a87b2705659bf48564b8cab36e02ab7d39945', '9766067849', '0');
INSERT INTO `users` (`id`, `firstname`, `lastname`, `email`, `password_hash`, `phone`, `is_deleted`) VALUES ('29', 'Ashlynn', 'Marvin', 'javonte04@example.net', '279ffcbe99e5bf71f862c3a76624d2a5bb6455c8', '9861105599', '0');
INSERT INTO `users` (`id`, `firstname`, `lastname`, `email`, `password_hash`, `phone`, `is_deleted`) VALUES ('30', 'Jackeline', 'Wehner', 'sbernhard@example.org', '327f900055760518d04163fad94a557e89834290', '9752530757', '0');
INSERT INTO `users` (`id`, `firstname`, `lastname`, `email`, `password_hash`, `phone`, `is_deleted`) VALUES ('31', 'Kory', 'Schinner', 'rebeka71@example.net', 'ebbc7be5de703b143745ab76715797136a6ff079', '9504161786', '1');
INSERT INTO `users` (`id`, `firstname`, `lastname`, `email`, `password_hash`, `phone`, `is_deleted`) VALUES ('32', 'Lonzo', 'Erdman', 'moen.marianne@example.com', '593e51fdcafe217745f9d9f56c22b663c53ec80f', '9461358847', '0');
INSERT INTO `users` (`id`, `firstname`, `lastname`, `email`, `password_hash`, `phone`, `is_deleted`) VALUES ('33', 'Lillian', 'McGlynn', 'lonzo.bahringer@example.net', 'e867d64c5fdc3450c05db2ea9c9123c39b5ba318', '9397636703', '0');
INSERT INTO `users` (`id`, `firstname`, `lastname`, `email`, `password_hash`, `phone`, `is_deleted`) VALUES ('34', 'Tad', 'Stiedemann', 'reichert.tiara@example.net', '7e9fae898d0830ebff0c37994a27a7d56d0b882f', '9483534658', '1');
INSERT INTO `users` (`id`, `firstname`, `lastname`, `email`, `password_hash`, `phone`, `is_deleted`) VALUES ('35', 'Florencio', 'Botsford', 'toy.mckayla@example.org', '948f7ec415ccc66f674229836a20aa8e9e0f511e', '9968326509', '0');
INSERT INTO `users` (`id`, `firstname`, `lastname`, `email`, `password_hash`, `phone`, `is_deleted`) VALUES ('36', 'Evans', 'Spinka', 'elnora.watsica@example.net', 'b3a215e34353a2e568bc6af27046e43c3087ebcd', '9518244195', '1');
INSERT INTO `users` (`id`, `firstname`, `lastname`, `email`, `password_hash`, `phone`, `is_deleted`) VALUES ('37', 'Corrine', 'Huels', 'aileen66@example.com', '1359f6bc22f1f0bd9c71057638f8fb007697f8e9', '9700153276', '0');
INSERT INTO `users` (`id`, `firstname`, `lastname`, `email`, `password_hash`, `phone`, `is_deleted`) VALUES ('38', 'Lambert', 'Macejkovic', 'alexandria.quitzon@example.net', '7809ff6d2904d9bf171b9e5befcb344559fffc8b', '9085763590', '0');
INSERT INTO `users` (`id`, `firstname`, `lastname`, `email`, `password_hash`, `phone`, `is_deleted`) VALUES ('39', 'Gerhard', 'Rempel', 'crippin@example.net', '5831c6e5c3a9d51fbab624cfaf4245e94fec23b3', '9068132394', '0');
INSERT INTO `users` (`id`, `firstname`, `lastname`, `email`, `password_hash`, `phone`, `is_deleted`) VALUES ('40', 'Toni', 'Crooks', 'kilback.margarette@example.com', '47873573eb462cc645edad8ee054b1838d103451', '9469070600', '0');
INSERT INTO `users` (`id`, `firstname`, `lastname`, `email`, `password_hash`, `phone`, `is_deleted`) VALUES ('41', 'Hal', 'Hettinger', 'franco.langworth@example.com', '53778cb85d5858e4d7ed3c054a73305f9bf0a3ae', '9512002097', '1');
INSERT INTO `users` (`id`, `firstname`, `lastname`, `email`, `password_hash`, `phone`, `is_deleted`) VALUES ('42', 'Fritz', 'Veum', 'christine.wuckert@example.net', 'b7e3fc09525e987bc7c33c1ebd80132b6e04a5a3', '9249899052', '0');
INSERT INTO `users` (`id`, `firstname`, `lastname`, `email`, `password_hash`, `phone`, `is_deleted`) VALUES ('43', 'Florine', 'Reichel', 'owilliamson@example.org', '826f783a2b419e3c4fb91b657b23430d85651da3', '9783437601', '1');
INSERT INTO `users` (`id`, `firstname`, `lastname`, `email`, `password_hash`, `phone`, `is_deleted`) VALUES ('44', 'Jimmie', 'Friesen', 'zswaniawski@example.com', '0dc622a0057ea962b3428995c516d20799c847d8', '9255502924', '0');
INSERT INTO `users` (`id`, `firstname`, `lastname`, `email`, `password_hash`, `phone`, `is_deleted`) VALUES ('45', 'Theresia', 'Windler', 'tbartoletti@example.org', '884f7f526d28f749867e327521c96e07bd35f91c', '9019740550', '1');
INSERT INTO `users` (`id`, `firstname`, `lastname`, `email`, `password_hash`, `phone`, `is_deleted`) VALUES ('46', 'Watson', 'Kertzmann', 'gerlach.manuela@example.org', 'e53d004702d720d99ce3c4aa57e63c6bba4a2031', '9279927609', '1');
INSERT INTO `users` (`id`, `firstname`, `lastname`, `email`, `password_hash`, `phone`, `is_deleted`) VALUES ('47', 'Burnice', 'Boyle', 'rosario.eichmann@example.com', 'e5bdee03d3ae1e2f630d9ec535660a554667487a', '9757454528', '0');
INSERT INTO `users` (`id`, `firstname`, `lastname`, `email`, `password_hash`, `phone`, `is_deleted`) VALUES ('48', 'Shannon', 'Wolf', 'leone.ratke@example.com', '900cf4b6220cf533a183aec550ab73ac0ab1ddc2', '9174267126', '0');
INSERT INTO `users` (`id`, `firstname`, `lastname`, `email`, `password_hash`, `phone`, `is_deleted`) VALUES ('49', 'Abner', 'Larkin', 'chadd.mcglynn@example.org', '4d54fdb53b0561f9a2bee888b8eab0fbfdd01ee2', '9102656071', '0');
INSERT INTO `users` (`id`, `firstname`, `lastname`, `email`, `password_hash`, `phone`, `is_deleted`) VALUES ('50', 'Eleonore', 'Prohaska', 'hills.valentine@example.com', '52d0f61dd7c6dcf335397511985b3d16b68f33b6', '9057372417', '0');
INSERT INTO `users` (`id`, `firstname`, `lastname`, `email`, `password_hash`, `phone`, `is_deleted`) VALUES ('51', 'Andreane', 'Rippin', 'kristy43@example.net', '132955c9594f4fda34ce0feab3083d4a35e71922', '9299884966', '1');
INSERT INTO `users` (`id`, `firstname`, `lastname`, `email`, `password_hash`, `phone`, `is_deleted`) VALUES ('52', 'Regan', 'Moen', 'ro\'connell@example.net', '17acb22c4cdfff767bf878e7d80721f0395a8450', '9622182553', '0');
INSERT INTO `users` (`id`, `firstname`, `lastname`, `email`, `password_hash`, `phone`, `is_deleted`) VALUES ('53', 'Domenica', 'Heathcote', 'boris.wehner@example.com', 'c8fb610feaea5f09dd5aa0843722140e1f5b8373', '9940688522', '1');
INSERT INTO `users` (`id`, `firstname`, `lastname`, `email`, `password_hash`, `phone`, `is_deleted`) VALUES ('54', 'Rebeca', 'Moen', 'will.anya@example.org', '0266a896b309ec5cce0a0d38ace9309e9417bc0e', '9687204457', '1');
INSERT INTO `users` (`id`, `firstname`, `lastname`, `email`, `password_hash`, `phone`, `is_deleted`) VALUES ('55', 'Sierra', 'Stiedemann', 'uo\'hara@example.com', '8a96fcc140fa4866be96a274361da8e03968ece2', '9472280608', '0');
INSERT INTO `users` (`id`, `firstname`, `lastname`, `email`, `password_hash`, `phone`, `is_deleted`) VALUES ('56', 'Sterling', 'Christiansen', 'lindgren.leslie@example.net', '328a64fff658e450c2b5490e38d5b1d0ef14d9d0', '9550574136', '0');
INSERT INTO `users` (`id`, `firstname`, `lastname`, `email`, `password_hash`, `phone`, `is_deleted`) VALUES ('57', 'Alisha', 'Dietrich', 'vonrueden.river@example.org', 'da7114b8158f3dabc9e136420791c22b735cc30d', '9310259904', '0');
INSERT INTO `users` (`id`, `firstname`, `lastname`, `email`, `password_hash`, `phone`, `is_deleted`) VALUES ('58', 'Myrtis', 'Streich', 'danny.graham@example.com', '2c3c7f41454daf9d111f9be871954718cd4f57e8', '9134582778', '1');
INSERT INTO `users` (`id`, `firstname`, `lastname`, `email`, `password_hash`, `phone`, `is_deleted`) VALUES ('59', 'Ignatius', 'Roob', 'twila.mann@example.net', '98f413cb70548c52e9e5429069bd5fd62157d26e', '9184041495', '1');
INSERT INTO `users` (`id`, `firstname`, `lastname`, `email`, `password_hash`, `phone`, `is_deleted`) VALUES ('60', 'Devyn', 'Dibbert', 'imurphy@example.org', '86d42565331795df2b8747075a291e149be8e865', '9207294862', '1');
INSERT INTO `users` (`id`, `firstname`, `lastname`, `email`, `password_hash`, `phone`, `is_deleted`) VALUES ('61', 'Evalyn', 'Collier', 'vonrueden.jeff@example.net', '13bb704b8cb24052f8c341c7505d1ecfc4d88301', '9018448358', '1');
INSERT INTO `users` (`id`, `firstname`, `lastname`, `email`, `password_hash`, `phone`, `is_deleted`) VALUES ('62', 'Lily', 'Kuphal', 'lmraz@example.com', '03ec367ecaaeb9087521863a6886f508c4ceb584', '9851560638', '0');
INSERT INTO `users` (`id`, `firstname`, `lastname`, `email`, `password_hash`, `phone`, `is_deleted`) VALUES ('63', 'April', 'Dooley', 'jeffry40@example.com', 'b1b3cf3399a62f8a022f52b37c3d8a8b3ffe8338', '9145417348', '1');
INSERT INTO `users` (`id`, `firstname`, `lastname`, `email`, `password_hash`, `phone`, `is_deleted`) VALUES ('64', 'Houston', 'Gerlach', 'ashleigh39@example.com', 'c82096fae8418d6c7b2d4bee305740f5c8114c62', '9330639121', '1');
INSERT INTO `users` (`id`, `firstname`, `lastname`, `email`, `password_hash`, `phone`, `is_deleted`) VALUES ('65', 'Antonetta', 'Bruen', 'sanford.adolphus@example.net', '0794e0edecd4b5516c7a18a7417dc1e95766a98a', '9050016382', '1');
INSERT INTO `users` (`id`, `firstname`, `lastname`, `email`, `password_hash`, `phone`, `is_deleted`) VALUES ('66', 'Rubie', 'Hayes', 'skiles.dolores@example.net', '2711c10d48070c2ec33d8bd9a99b68034cdb572b', '9228105646', '1');
INSERT INTO `users` (`id`, `firstname`, `lastname`, `email`, `password_hash`, `phone`, `is_deleted`) VALUES ('67', 'Chloe', 'Yost', 'uskiles@example.org', '38dce49a9b7324fd421cab03be99096d518b3ebc', '9406323090', '0');
INSERT INTO `users` (`id`, `firstname`, `lastname`, `email`, `password_hash`, `phone`, `is_deleted`) VALUES ('68', 'Karine', 'Lehner', 'moshe38@example.com', 'afd383ab5ba8d4964e9fec309f9c897398e838fd', '9545264546', '0');
INSERT INTO `users` (`id`, `firstname`, `lastname`, `email`, `password_hash`, `phone`, `is_deleted`) VALUES ('69', 'Karley', 'Boehm', 'mlittel@example.org', '6b7807fab4662dbcf2fd16dabf49d7ee1c99bac8', '9420888454', '1');
INSERT INTO `users` (`id`, `firstname`, `lastname`, `email`, `password_hash`, `phone`, `is_deleted`) VALUES ('70', 'Randall', 'Hettinger', 'ubruen@example.net', 'd273fe369e49559d6b5f05418328a0b9dac009f5', '9671748261', '1');
INSERT INTO `users` (`id`, `firstname`, `lastname`, `email`, `password_hash`, `phone`, `is_deleted`) VALUES ('71', 'Christian', 'Ryan', 'zetta41@example.org', '17a980330acc20fb80686413f9f19cf19f59bded', '9448362312', '1');
INSERT INTO `users` (`id`, `firstname`, `lastname`, `email`, `password_hash`, `phone`, `is_deleted`) VALUES ('72', 'Louie', 'Wilkinson', 'macejkovic.ernest@example.com', '023d68211b5b97203ea58f834f9737fb4bb45299', '9612164385', '0');
INSERT INTO `users` (`id`, `firstname`, `lastname`, `email`, `password_hash`, `phone`, `is_deleted`) VALUES ('73', 'Percy', 'Cruickshank', 'apacocha@example.org', 'e7efd09b4de589f40600f7e8d3649e9c21f78480', '9031772010', '1');
INSERT INTO `users` (`id`, `firstname`, `lastname`, `email`, `password_hash`, `phone`, `is_deleted`) VALUES ('74', 'Jacynthe', 'Pfeffer', 'eichmann.karine@example.org', 'c62c5fc58c927527a030a499f4b4a947f2605d9b', '9413573265', '0');
INSERT INTO `users` (`id`, `firstname`, `lastname`, `email`, `password_hash`, `phone`, `is_deleted`) VALUES ('75', 'Webster', 'Rosenbaum', 'aric96@example.com', '09e537b954b1ab302d127da38433413989851040', '9821644641', '0');
INSERT INTO `users` (`id`, `firstname`, `lastname`, `email`, `password_hash`, `phone`, `is_deleted`) VALUES ('76', 'Fanny', 'Walsh', 'freda26@example.net', 'b7a4a547bf9ec76d3d1ff1dc40e55e0ccb8cab81', '9540139563', '0');
INSERT INTO `users` (`id`, `firstname`, `lastname`, `email`, `password_hash`, `phone`, `is_deleted`) VALUES ('77', 'Isai', 'Feeney', 'ansley.dibbert@example.com', '362b2667d71410b59cc7ee3c2066852e845f0607', '9042832626', '0');
INSERT INTO `users` (`id`, `firstname`, `lastname`, `email`, `password_hash`, `phone`, `is_deleted`) VALUES ('78', 'Adonis', 'Swift', 'jfunk@example.com', 'fff36d79cdf05778c6d0d264b0ec7175c5d13e3e', '9362251171', '1');
INSERT INTO `users` (`id`, `firstname`, `lastname`, `email`, `password_hash`, `phone`, `is_deleted`) VALUES ('79', 'Tomas', 'Kilback', 'akrajcik@example.net', '08ff39ea622595dcf09b35629cbed37b59e68e31', '9489291584', '1');
INSERT INTO `users` (`id`, `firstname`, `lastname`, `email`, `password_hash`, `phone`, `is_deleted`) VALUES ('80', 'Blair', 'Connelly', 'hamill.laurianne@example.com', '9a9eea99b5015ff8da6e68748b5cb02d5d02125b', '9940542022', '0');
INSERT INTO `users` (`id`, `firstname`, `lastname`, `email`, `password_hash`, `phone`, `is_deleted`) VALUES ('81', 'Tara', 'Lakin', 'fay.meghan@example.com', '5f84327baac95372393b6870dc5d307f1b7ac305', '9775603117', '0');
INSERT INTO `users` (`id`, `firstname`, `lastname`, `email`, `password_hash`, `phone`, `is_deleted`) VALUES ('82', 'Vickie', 'Kling', 'watsica.rafaela@example.com', '6ca6aadb178d6120906c6369e12c50e6eb7a75b3', '9688386886', '1');
INSERT INTO `users` (`id`, `firstname`, `lastname`, `email`, `password_hash`, `phone`, `is_deleted`) VALUES ('83', 'Maverick', 'Cassin', 'denis.lakin@example.net', 'e245a2cbd6a33714ba2c3f6bf0c35c880500c547', '9508007660', '1');
INSERT INTO `users` (`id`, `firstname`, `lastname`, `email`, `password_hash`, `phone`, `is_deleted`) VALUES ('84', 'Flavie', 'Eichmann', 'cornelius.treutel@example.org', 'f1eb8e526e1a03218bfdcfaa4a6d5556f3245471', '9394092293', '1');
INSERT INTO `users` (`id`, `firstname`, `lastname`, `email`, `password_hash`, `phone`, `is_deleted`) VALUES ('85', 'Pasquale', 'Wiza', 'dhand@example.org', '6b84353c72db49af73f37e1d773c899ac30eeb9d', '9551862466', '0');
INSERT INTO `users` (`id`, `firstname`, `lastname`, `email`, `password_hash`, `phone`, `is_deleted`) VALUES ('86', 'Jada', 'Runolfsdottir', 'kaya13@example.com', '8c03dbb456fd9d7f235fff5615d78219053bf6e2', '9605425327', '0');
INSERT INTO `users` (`id`, `firstname`, `lastname`, `email`, `password_hash`, `phone`, `is_deleted`) VALUES ('87', 'Vito', 'Weimann', 'amos.pouros@example.org', 'ef7dc1f845fc4d37ae98b600504d4513a3462742', '9523716388', '0');
INSERT INTO `users` (`id`, `firstname`, `lastname`, `email`, `password_hash`, `phone`, `is_deleted`) VALUES ('88', 'Edmund', 'Cartwright', 'kevin39@example.com', '9d0f6f1b5fb93071152a0557450ac7aef898c2c9', '9882398429', '0');
INSERT INTO `users` (`id`, `firstname`, `lastname`, `email`, `password_hash`, `phone`, `is_deleted`) VALUES ('89', 'Lilyan', 'Purdy', 'joany28@example.net', '1f87213f8e933161ac9c06b123cbb286e51c7ec0', '9346411128', '1');
INSERT INTO `users` (`id`, `firstname`, `lastname`, `email`, `password_hash`, `phone`, `is_deleted`) VALUES ('90', 'Jerome', 'Bradtke', 'brenda.conn@example.com', '5146f7495f36ecbf97b9f079c08c84c0a5a55e8d', '9797045244', '0');
INSERT INTO `users` (`id`, `firstname`, `lastname`, `email`, `password_hash`, `phone`, `is_deleted`) VALUES ('91', 'Naomie', 'Denesik', 'jacklyn.borer@example.org', '1458917274e41237dbc11cf42217170ec8322097', '9354313989', '1');
INSERT INTO `users` (`id`, `firstname`, `lastname`, `email`, `password_hash`, `phone`, `is_deleted`) VALUES ('92', 'Nico', 'McDermott', 'vernie38@example.net', '5841af9bd46506fb9f1662e0cd5a4ee83839d477', '9079827873', '0');
INSERT INTO `users` (`id`, `firstname`, `lastname`, `email`, `password_hash`, `phone`, `is_deleted`) VALUES ('93', 'Dawson', 'Fritsch', 'nigel.kub@example.net', '18864d98f8334466598594078bfc08d5a36fc780', '9146914167', '0');
INSERT INTO `users` (`id`, `firstname`, `lastname`, `email`, `password_hash`, `phone`, `is_deleted`) VALUES ('94', 'Neha', 'Kulas', 'elenora.orn@example.org', '32eaea844d0e3dc375ca88cb6a1a506cf2bec415', '9427767237', '0');
INSERT INTO `users` (`id`, `firstname`, `lastname`, `email`, `password_hash`, `phone`, `is_deleted`) VALUES ('95', 'Vella', 'Purdy', 'hessel.savanah@example.org', 'a90331dbc3973e4ade209e27e691c3fdd20c9ea7', '9995198956', '0');
INSERT INTO `users` (`id`, `firstname`, `lastname`, `email`, `password_hash`, `phone`, `is_deleted`) VALUES ('96', 'Althea', 'Champlin', 'bergstrom.patricia@example.org', '83dbfa4087bd889f9c23ae8a543051a6c4c21445', '9585441556', '1');
INSERT INTO `users` (`id`, `firstname`, `lastname`, `email`, `password_hash`, `phone`, `is_deleted`) VALUES ('97', 'Dashawn', 'Bogan', 'eichmann.scot@example.org', '680c4f744adf4f0dfcd6ace64e48d5628dac45ca', '9137134569', '0');
INSERT INTO `users` (`id`, `firstname`, `lastname`, `email`, `password_hash`, `phone`, `is_deleted`) VALUES ('98', 'Baylee', 'Glover', 'rklocko@example.com', 'a227a3374d3ecfa6ca9362332da6d73ce85c24ce', '9305174398', '1');
INSERT INTO `users` (`id`, `firstname`, `lastname`, `email`, `password_hash`, `phone`, `is_deleted`) VALUES ('99', 'Uriel', 'Johnson', 'frances60@example.org', 'b481646a445bc77e8a9fda0f111e4070f4140128', '9749631961', '0');
INSERT INTO `users` (`id`, `firstname`, `lastname`, `email`, `password_hash`, `phone`, `is_deleted`) VALUES ('100', 'Cassie', 'Rau', 'bschuppe@example.com', '193f12153edbec555d50504fc466b840e946c441', '9890879126', '1');


